date,sku_location,units,promo,temp_c
2024-01-01,SKU_A|STORE_1,32,0,10.002460306714966
2024-01-02,SKU_A|STORE_1,42,0,10.804051348886956
2024-01-03,SKU_A|STORE_1,45,0,9.864783628748512
2024-01-04,SKU_A|STORE_1,45,0,8.838252329164497
2024-01-05,SKU_A|STORE_1,33,0,9.916287551284393
2024-01-06,SKU_A|STORE_1,31,0,9.048284474856434
2024-01-07,SKU_A|STORE_1,27,0,11.357507574564096
2024-01-08,SKU_A|STORE_1,30,0,14.1229270299013
2024-01-09,SKU_A|STORE_1,90,1,10.662932228256519
2024-01-10,SKU_A|STORE_1,43,0,10.610756048331494
2024-01-11,SKU_A|STORE_1,49,0,13.035201830548129
2024-01-12,SKU_A|STORE_1,34,0,12.972494534439052
2024-01-13,SKU_A|STORE_1,42,1,12.672082496419227
2024-01-14,SKU_A|STORE_1,25,0,10.802122066633576
2024-01-15,SKU_A|STORE_1,32,0,12.805569547144854
2024-01-16,SKU_A|STORE_1,62,0,14.45484593031082
2024-01-17,SKU_A|STORE_1,47,0,10.575068795839101
2024-01-18,SKU_A|STORE_1,52,0,12.546557672486871
2024-01-19,SKU_A|STORE_1,36,0,9.85660921627378
2024-01-20,SKU_A|STORE_1,22,0,11.27616046073842
2024-01-21,SKU_A|STORE_1,38,0,10.366804719545895
2024-01-22,SKU_A|STORE_1,43,0,13.773931203967097
2024-01-23,SKU_A|STORE_1,59,0,11.901801551800672
2024-01-24,SKU_A|STORE_1,44,0,15.170489592566689
2024-01-25,SKU_A|STORE_1,55,0,15.131358043720125
2024-01-26,SKU_A|STORE_1,37,0,14.632461342087893
2024-01-27,SKU_A|STORE_1,37,0,10.159787688964148
2024-01-28,SKU_A|STORE_1,31,0,14.301366309191653
2024-01-29,SKU_A|STORE_1,37,0,15.465601360032068
2024-01-30,SKU_A|STORE_1,52,0,15.971424053396076
2024-01-31,SKU_A|STORE_1,63,0,12.865035070908938
2024-02-01,SKU_A|STORE_1,48,0,15.148544774157392
2024-02-02,SKU_A|STORE_1,39,0,14.323949132273325
2024-02-03,SKU_A|STORE_1,33,0,14.838387579608396
2024-02-04,SKU_A|STORE_1,35,0,18.751021004783592
2024-02-05,SKU_A|STORE_1,58,0,15.185351724829617
2024-02-06,SKU_A|STORE_1,44,0,16.904559871554568
2024-02-07,SKU_A|STORE_1,65,0,18.905499978295506
2024-02-08,SKU_A|STORE_1,53,0,16.13452157589491
2024-02-09,SKU_A|STORE_1,34,0,17.241157082122093
2024-02-10,SKU_A|STORE_1,28,0,17.84611589718109
2024-02-11,SKU_A|STORE_1,23,0,17.9111182809299
2024-02-12,SKU_A|STORE_1,46,0,15.489503766071953
2024-02-13,SKU_A|STORE_1,76,1,18.24560388674936
2024-02-14,SKU_A|STORE_1,59,0,20.962280050167077
2024-02-15,SKU_A|STORE_1,48,0,15.299210568362803
2024-02-16,SKU_A|STORE_1,44,0,20.258644843424495
2024-02-17,SKU_A|STORE_1,34,0,18.92243651094411
2024-02-18,SKU_A|STORE_1,43,0,17.542063487353385
2024-02-19,SKU_A|STORE_1,55,0,22.96449814504351
2024-02-20,SKU_A|STORE_1,60,0,20.62418912591217
2024-02-21,SKU_A|STORE_1,57,0,16.834400118396807
2024-02-22,SKU_A|STORE_1,51,0,19.51258267039223
2024-02-23,SKU_A|STORE_1,38,0,20.644727048421696
2024-02-24,SKU_A|STORE_1,30,0,19.238768807394617
2024-02-25,SKU_A|STORE_1,28,0,21.104289242478746
2024-02-26,SKU_A|STORE_1,55,0,19.72468399933014
2024-02-27,SKU_A|STORE_1,56,0,21.308542638058352
2024-02-28,SKU_A|STORE_1,60,0,22.964466050926042
2024-02-29,SKU_A|STORE_1,41,0,18.84648059631903
2024-03-01,SKU_A|STORE_1,33,0,20.71144472008885
2024-03-02,SKU_A|STORE_1,30,0,19.48286110367833
2024-03-03,SKU_A|STORE_1,31,0,20.765237284182575
2024-03-04,SKU_A|STORE_1,43,0,18.234421063620083
2024-03-05,SKU_A|STORE_1,48,0,19.545172964509234
2024-03-06,SKU_A|STORE_1,53,0,20.403178490217925
2024-03-07,SKU_A|STORE_1,52,0,22.68169349783245
2024-03-08,SKU_A|STORE_1,37,0,23.25997987313227
2024-03-09,SKU_A|STORE_1,49,1,18.404599867631106
2024-03-10,SKU_A|STORE_1,35,0,19.541215470976258
2024-03-11,SKU_A|STORE_1,57,0,22.499853591021942
2024-03-12,SKU_A|STORE_1,42,0,17.293433126953758
2024-03-13,SKU_A|STORE_1,51,0,20.420816919220975
2024-03-14,SKU_A|STORE_1,51,0,21.218104344201667
2024-03-15,SKU_A|STORE_1,39,0,23.98884787367651
2024-03-16,SKU_A|STORE_1,42,0,22.91236520760912
2024-03-17,SKU_A|STORE_1,39,0,20.934452411413865
2024-03-18,SKU_A|STORE_1,47,0,20.90361527401817
2024-03-19,SKU_A|STORE_1,54,0,21.1888146610332
2024-03-20,SKU_A|STORE_1,58,0,24.781238898980202
2024-03-21,SKU_A|STORE_1,41,0,20.91962775811358
2024-03-22,SKU_A|STORE_1,47,0,21.20632502429565
2024-03-23,SKU_A|STORE_1,40,0,22.553371443298367
2024-03-24,SKU_A|STORE_1,36,0,21.63764905087533
2024-03-25,SKU_A|STORE_1,39,0,21.512098057083744
2024-03-26,SKU_A|STORE_1,91,1,19.702480596425314
2024-03-27,SKU_A|STORE_1,69,0,21.927985017689053
2024-03-28,SKU_A|STORE_1,51,0,21.080737231349026
2024-03-29,SKU_A|STORE_1,55,0,24.313480606247218
2024-03-30,SKU_A|STORE_1,61,1,23.29717714027853
2024-03-31,SKU_A|STORE_1,40,0,21.948934797738822
2024-04-01,SKU_A|STORE_1,48,0,23.33665092336897
2024-04-02,SKU_A|STORE_1,57,0,21.319260800430555
2024-04-03,SKU_A|STORE_1,57,0,24.098808085102178
2024-04-04,SKU_A|STORE_1,54,0,21.975757465677148
2024-04-05,SKU_A|STORE_1,55,0,23.14177063874553
2024-04-06,SKU_A|STORE_1,36,0,19.378120330403068
2024-04-07,SKU_A|STORE_1,36,0,22.63462383096523
2024-04-08,SKU_A|STORE_1,36,0,18.542673956475888
2024-04-09,SKU_A|STORE_1,57,0,17.822710878041594
2024-04-10,SKU_A|STORE_1,65,0,21.25517732736521
2024-04-11,SKU_A|STORE_1,62,0,20.031522584368773
2024-04-12,SKU_A|STORE_1,33,0,22.123224215184234
2024-04-13,SKU_A|STORE_1,37,0,26.24487755271798
2024-04-14,SKU_A|STORE_1,58,1,20.048680244764256
2024-04-15,SKU_A|STORE_1,47,0,20.417531186660923
2024-04-16,SKU_A|STORE_1,66,0,22.02606128841817
2024-04-17,SKU_A|STORE_1,58,0,22.5476731655945
2024-04-18,SKU_A|STORE_1,41,0,21.15180167203604
2024-04-19,SKU_A|STORE_1,43,0,21.03231129905891
2024-04-20,SKU_A|STORE_1,24,0,22.78526487038715
2024-04-21,SKU_A|STORE_1,32,0,22.352948994752843
2024-04-22,SKU_A|STORE_1,42,0,19.175224491397802
2024-04-23,SKU_A|STORE_1,58,0,21.01032453522407
2024-04-24,SKU_A|STORE_1,55,0,21.162062363640068
2024-04-25,SKU_A|STORE_1,51,0,18.902034268614507
2024-04-26,SKU_A|STORE_1,47,0,21.446933762479322
2024-04-27,SKU_A|STORE_1,31,0,19.124356673543126
2024-04-28,SKU_A|STORE_1,38,0,22.69420490465299
2024-04-29,SKU_A|STORE_1,49,0,21.042179696764066
2024-04-30,SKU_A|STORE_1,54,0,20.73875941922053
2024-05-01,SKU_A|STORE_1,58,0,19.278419118799317
2024-05-02,SKU_A|STORE_1,67,0,20.120485888843547
2024-05-03,SKU_A|STORE_1,37,0,16.256373451183816
2024-05-04,SKU_A|STORE_1,42,0,17.880173747190643
2024-05-05,SKU_A|STORE_1,37,0,20.756785351401152
2024-05-06,SKU_A|STORE_1,43,0,15.659116301042626
2024-05-07,SKU_A|STORE_1,51,0,21.49167366031332
2024-05-08,SKU_A|STORE_1,62,0,16.18556640510352
2024-05-09,SKU_A|STORE_1,60,0,21.067671370719925
2024-05-10,SKU_A|STORE_1,62,1,17.73680419518593
2024-05-11,SKU_A|STORE_1,41,0,20.856590665089414
2024-05-12,SKU_A|STORE_1,33,0,19.428565768656114
2024-05-13,SKU_A|STORE_1,53,0,15.958332049801124
2024-05-14,SKU_A|STORE_1,74,1,21.39296162930006
2024-05-15,SKU_A|STORE_1,52,0,21.638104960083076
2024-05-16,SKU_A|STORE_1,53,0,18.48051315211113
2024-05-17,SKU_A|STORE_1,46,0,17.919170776941495
2024-05-18,SKU_A|STORE_1,33,0,17.99964079070246
2024-05-19,SKU_A|STORE_1,35,0,16.218976268166706
2024-05-20,SKU_A|STORE_1,44,0,20.213939890076244
2024-05-21,SKU_A|STORE_1,54,0,16.77609242304865
2024-05-22,SKU_A|STORE_1,69,0,17.60227573345541
2024-05-23,SKU_A|STORE_1,42,0,15.958560968743928
2024-05-24,SKU_A|STORE_1,43,0,16.13126900011954
2024-05-25,SKU_A|STORE_1,43,0,14.664038455396735
2024-05-26,SKU_A|STORE_1,44,0,19.567561654938466
2024-05-27,SKU_A|STORE_1,34,0,16.577092068439875
2024-05-28,SKU_A|STORE_1,72,1,18.646914386379738
2024-05-29,SKU_A|STORE_1,55,0,16.569534456314333
2024-05-30,SKU_A|STORE_1,59,0,14.979953522537418
2024-05-31,SKU_A|STORE_1,35,0,15.539378172185732
2024-06-01,SKU_A|STORE_1,42,0,14.894439660343508
2024-06-02,SKU_A|STORE_1,37,0,15.851190683674112
2024-06-03,SKU_A|STORE_1,48,0,14.90338041273246
2024-06-04,SKU_A|STORE_1,40,0,14.871036890217908
2024-06-05,SKU_A|STORE_1,36,0,12.529076043934113
2024-06-06,SKU_A|STORE_1,78,1,13.48631222439241
2024-06-07,SKU_A|STORE_1,42,0,18.220386603388324
2024-06-08,SKU_A|STORE_1,24,0,13.380616887374172
2024-06-09,SKU_A|STORE_1,27,0,12.424308007200594
2024-06-10,SKU_A|STORE_1,44,0,15.015217433907273
2024-06-11,SKU_A|STORE_1,67,0,16.961892151161866
2024-06-12,SKU_A|STORE_1,47,0,11.044853181731948
2024-06-13,SKU_A|STORE_1,39,0,13.340240794727377
2024-06-14,SKU_A|STORE_1,37,0,12.296448723412068
2024-06-15,SKU_A|STORE_1,28,0,9.84072915373579
2024-06-16,SKU_A|STORE_1,34,0,14.633839331252872
2024-06-17,SKU_A|STORE_1,39,0,12.917378328661542
2024-06-18,SKU_A|STORE_1,71,1,12.906551731352558
2024-06-19,SKU_A|STORE_1,42,0,11.057628040386376
2024-06-20,SKU_A|STORE_1,42,0,13.26964300351675
2024-06-21,SKU_A|STORE_1,43,0,11.078604329732107
2024-06-22,SKU_A|STORE_1,33,0,11.667877738268684
2024-06-23,SKU_A|STORE_1,29,0,9.53306877867547
2024-06-24,SKU_A|STORE_1,38,0,9.11277260901458
2024-06-25,SKU_A|STORE_1,101,1,14.010971796060382
2024-06-26,SKU_A|STORE_1,57,0,10.120231588729444
2024-06-27,SKU_A|STORE_1,54,0,11.51199846351316
2024-06-28,SKU_A|STORE_1,40,0,10.654978458854773
2024-06-29,SKU_A|STORE_1,30,0,9.633976390529998
2024-06-30,SKU_A|STORE_1,26,0,9.293899342051159
2024-07-01,SKU_A|STORE_1,44,0,11.363449145555435
2024-07-02,SKU_A|STORE_1,51,0,9.29298082826792
2024-07-03,SKU_A|STORE_1,53,0,9.387291420931822
2024-07-04,SKU_A|STORE_1,46,0,9.528176318334596
2024-07-05,SKU_A|STORE_1,31,0,11.63045731211449
2024-07-06,SKU_A|STORE_1,46,1,10.432384198464725
2024-07-07,SKU_A|STORE_1,30,0,9.630759537649594
2024-07-08,SKU_A|STORE_1,39,0,7.5329491278331835
2024-07-09,SKU_A|STORE_1,56,0,5.691084430556101
2024-07-10,SKU_A|STORE_1,45,0,10.149469500432112
2024-07-11,SKU_A|STORE_1,42,0,9.979210113179555
2024-07-12,SKU_A|STORE_1,34,0,7.561384173046574
2024-07-13,SKU_A|STORE_1,33,0,8.72369300568412
2024-07-14,SKU_A|STORE_1,35,0,9.000635122493259
2024-07-15,SKU_A|STORE_1,43,0,8.89870086256262
2024-07-16,SKU_A|STORE_1,49,0,8.878500780721714
2024-07-17,SKU_A|STORE_1,48,0,5.9247787859416485
2024-07-18,SKU_A|STORE_1,44,0,9.667177862938843
2024-07-19,SKU_A|STORE_1,30,0,3.946260052146702
2024-07-20,SKU_A|STORE_1,27,0,7.966161662757383
2024-07-21,SKU_A|STORE_1,50,1,7.034962371367159
2024-07-22,SKU_A|STORE_1,48,0,7.599890475000206
2024-07-23,SKU_A|STORE_1,44,0,9.417451845436265
2024-07-24,SKU_A|STORE_1,39,0,8.436395364309723
2024-07-25,SKU_A|STORE_1,35,0,2.9865628657437475
2024-07-26,SKU_A|STORE_1,36,0,1.7103853336768275
2024-07-27,SKU_A|STORE_1,30,0,6.533774038472946
2024-07-28,SKU_A|STORE_1,25,0,2.683749756042216
2024-07-29,SKU_A|STORE_1,41,0,4.50430890060347
2024-07-30,SKU_A|STORE_1,41,0,6.025540861924025
2024-07-31,SKU_A|STORE_1,48,0,0.8771328123245503
2024-08-01,SKU_A|STORE_1,32,0,-0.23486266996826455
2024-08-02,SKU_A|STORE_1,29,0,4.325849348484223
2024-08-03,SKU_A|STORE_1,26,0,3.7200112012833926
2024-08-04,SKU_A|STORE_1,24,0,2.965508594748342
2024-08-05,SKU_A|STORE_1,39,0,3.3619983786183156
2024-08-06,SKU_A|STORE_1,35,0,1.3937015704135436
2024-08-07,SKU_A|STORE_1,47,0,-0.0804118420538904
2024-08-08,SKU_A|STORE_1,29,0,2.4472015395402886
2024-08-09,SKU_A|STORE_1,42,1,0.6731674183412877
2024-08-10,SKU_A|STORE_1,31,0,-0.8321164199722282
2024-08-11,SKU_A|STORE_1,33,0,3.3067055839477897
2024-08-12,SKU_A|STORE_1,39,0,2.015326456646628
2024-08-13,SKU_A|STORE_1,39,0,2.7962907027032253
2024-08-14,SKU_A|STORE_1,42,0,-0.14787079657607105
2024-08-15,SKU_A|STORE_1,35,0,0.36450769368295477
2024-08-16,SKU_A|STORE_1,30,0,-0.46508937572646314
2024-08-17,SKU_A|STORE_1,24,0,-0.3854066982276383
2024-08-18,SKU_A|STORE_1,31,0,1.6361251864609567
2024-08-19,SKU_A|STORE_1,34,0,-0.4606133628530382
2024-08-20,SKU_A|STORE_1,62,1,1.6801306472564494
2024-08-21,SKU_A|STORE_1,32,0,1.5128484973499179
2024-08-22,SKU_A|STORE_1,49,0,4.751713477355718
2024-08-23,SKU_A|STORE_1,34,0,-2.2133763526781927
2024-08-24,SKU_A|STORE_1,39,1,2.2216103902787054
2024-08-25,SKU_A|STORE_1,22,0,0.14326472037182744
2024-08-26,SKU_A|STORE_1,31,0,0.1734839223870164
2024-08-27,SKU_A|STORE_1,51,0,-2.8159780285001337
2024-08-28,SKU_A|STORE_1,44,0,-0.9514933784729469
2024-08-29,SKU_A|STORE_1,32,0,1.3434058386511525
2024-08-30,SKU_A|STORE_1,22,0,-0.416822781032533
2024-08-31,SKU_A|STORE_1,24,0,-0.19559679577640754
2024-09-01,SKU_A|STORE_1,46,1,-1.041909185712943
2024-09-02,SKU_A|STORE_1,36,0,1.748993046290146
2024-09-03,SKU_A|STORE_1,37,0,-0.6996330056409065
2024-09-04,SKU_A|STORE_1,29,0,-5.150902833783031
2024-09-05,SKU_A|STORE_1,35,0,-2.22441472884519
2024-09-06,SKU_A|STORE_1,47,1,-4.864848775291081
2024-09-07,SKU_A|STORE_1,27,0,-7.5138803437057975
2024-09-08,SKU_A|STORE_1,27,0,-2.1517193658617413
2024-09-09,SKU_A|STORE_1,41,0,1.4984325277496962
2024-09-10,SKU_A|STORE_1,62,1,-1.1483363432839924
2024-09-11,SKU_A|STORE_1,30,0,-3.658225135495007
2024-09-12,SKU_A|STORE_1,39,0,-3.2617386965509034
2024-09-13,SKU_A|STORE_1,29,0,0.8170545009346721
2024-09-14,SKU_A|STORE_1,35,1,-1.189360557050627
2024-09-15,SKU_A|STORE_1,31,0,-1.4656480996456684
2024-09-16,SKU_A|STORE_1,29,0,-1.7221769739648825
2024-09-17,SKU_A|STORE_1,43,0,-1.5886178364380417
2024-09-18,SKU_A|STORE_1,47,0,-0.10131531370082159
2024-09-19,SKU_A|STORE_1,31,0,-0.6502297050337307
2024-09-20,SKU_A|STORE_1,26,0,-1.3637092237107982
2024-09-21,SKU_A|STORE_1,39,1,-3.9171145147459847
2024-09-22,SKU_A|STORE_1,25,0,-0.8419135529686304
2024-09-23,SKU_A|STORE_1,39,0,-3.261862923906443
2024-09-24,SKU_A|STORE_1,34,0,0.2686091605919856
2024-09-25,SKU_A|STORE_1,31,0,-4.483365376656625
2024-09-26,SKU_A|STORE_1,25,0,-2.2351487736012174
2024-09-27,SKU_A|STORE_1,34,0,-1.9897225029672476
2024-09-28,SKU_A|STORE_1,14,0,-4.635847688308676
2024-09-29,SKU_A|STORE_1,30,0,1.4493879194646708
2024-09-30,SKU_A|STORE_1,34,0,0.9218136306622489
2024-10-01,SKU_A|STORE_1,43,0,-2.9270564000524484
2024-10-02,SKU_A|STORE_1,31,0,-0.45377969262964357
2024-10-03,SKU_A|STORE_1,25,0,-1.2336479955357786
2024-10-04,SKU_A|STORE_1,21,0,-7.208343980557287
2024-10-05,SKU_A|STORE_1,22,0,-1.4671036447426857
2024-10-06,SKU_A|STORE_1,32,0,-2.0737161134326474
2024-10-07,SKU_A|STORE_1,33,0,-1.7641801757783648
2024-10-08,SKU_A|STORE_1,33,0,-4.060416352669545
2024-10-09,SKU_A|STORE_1,35,0,-2.4178840334890466
2024-10-10,SKU_A|STORE_1,43,0,-2.2047108354924307
2024-10-11,SKU_A|STORE_1,27,0,0.5625026333995287
2024-10-12,SKU_A|STORE_1,31,0,-1.1068235224772838
2024-10-13,SKU_A|STORE_1,33,0,-1.7452901584732106
2024-10-14,SKU_A|STORE_1,42,0,1.368734533752833
2024-10-15,SKU_A|STORE_1,34,0,-2.7512629217453815
2024-10-16,SKU_A|STORE_1,37,0,-2.3677398616090284
2024-10-17,SKU_A|STORE_1,41,0,-5.167067429145732
2024-10-18,SKU_A|STORE_1,25,0,1.6633937734643545
2024-10-19,SKU_A|STORE_1,25,0,0.5159865408470132
2024-10-20,SKU_A|STORE_1,31,0,0.48653943989770565
2024-10-21,SKU_A|STORE_1,30,0,0.059524197591126704
2024-10-22,SKU_A|STORE_1,35,0,-0.9857495705477988
2024-10-23,SKU_A|STORE_1,38,0,-0.6995223245857041
2024-10-24,SKU_A|STORE_1,41,0,-1.5556686331342306
2024-10-25,SKU_A|STORE_1,25,0,-1.3767367096699021
2024-10-26,SKU_A|STORE_1,32,0,-0.7755585302042463
2024-10-27,SKU_A|STORE_1,29,0,2.228088587300628
2024-10-28,SKU_A|STORE_1,63,1,0.40759964610157673
2024-10-29,SKU_A|STORE_1,40,0,-0.7257303708380863
2024-10-30,SKU_A|STORE_1,35,0,-1.669484562617707
2024-10-31,SKU_A|STORE_1,33,0,-1.6794732315784853
2024-11-01,SKU_A|STORE_1,30,0,2.9002425230353435
2024-11-02,SKU_A|STORE_1,36,1,0.8155695101238694
2024-11-03,SKU_A|STORE_1,25,0,0.04768024900756865
2024-11-04,SKU_A|STORE_1,36,0,-0.6664112006951468
2024-11-05,SKU_A|STORE_1,33,0,-2.0758254630300295
2024-11-06,SKU_A|STORE_1,43,0,0.12780817697187408
2024-11-07,SKU_A|STORE_1,43,0,2.1309830108442847
2024-11-08,SKU_A|STORE_1,33,0,-0.27642237475630815
2024-11-09,SKU_A|STORE_1,20,0,0.18196462114957357
2024-11-10,SKU_A|STORE_1,23,0,0.3249533745147851
2024-11-11,SKU_A|STORE_1,26,0,1.119519034253586
2024-11-12,SKU_A|STORE_1,44,0,-2.1496868098498854
2024-11-13,SKU_A|STORE_1,34,0,0.7041990205019882
2024-11-14,SKU_A|STORE_1,44,0,-0.39251949585909873
2024-11-15,SKU_A|STORE_1,26,0,3.22929059774391
2024-11-16,SKU_A|STORE_1,39,1,0.06530272225051448
2024-11-17,SKU_A|STORE_1,29,0,2.909460287917389
2024-11-18,SKU_A|STORE_1,40,0,4.9555514794581725
2024-11-19,SKU_A|STORE_1,45,0,1.4331920585294093
2024-11-20,SKU_A|STORE_1,47,0,1.0132927633332856
2024-11-21,SKU_A|STORE_1,44,0,2.7576769075700547
2024-11-22,SKU_A|STORE_1,44,0,2.531380963491526
2024-11-23,SKU_A|STORE_1,22,0,0.7110448639390603
2024-11-24,SKU_A|STORE_1,29,0,3.7851185878976
2024-11-25,SKU_A|STORE_1,53,1,7.061428825505201
2024-11-26,SKU_A|STORE_1,40,0,2.683354933975139
2024-11-27,SKU_A|STORE_1,43,0,2.965023849859239
2024-11-28,SKU_A|STORE_1,38,0,1.4540738944022293
2024-11-29,SKU_A|STORE_1,29,0,4.357189614986492
2024-11-30,SKU_A|STORE_1,24,0,1.4019962243594835
2024-12-01,SKU_A|STORE_1,23,0,1.8608313493773045
2024-12-02,SKU_A|STORE_1,56,1,6.81452846229811
2024-12-03,SKU_A|STORE_1,46,0,2.6264906303764968
2024-12-04,SKU_A|STORE_1,53,0,6.783963037777749
2024-12-05,SKU_A|STORE_1,43,0,7.855408896960434
2024-12-06,SKU_A|STORE_1,31,0,5.5123296836056825
2024-12-07,SKU_A|STORE_1,35,0,6.288926935229972
2024-12-08,SKU_A|STORE_1,28,0,9.276541012450267
2024-12-09,SKU_A|STORE_1,23,0,5.169848681180489
2024-12-10,SKU_A|STORE_1,47,0,4.569874940000304
2024-12-11,SKU_A|STORE_1,52,0,3.243263075304755
2024-12-12,SKU_A|STORE_1,46,0,6.228178220384311
2024-12-13,SKU_A|STORE_1,43,0,9.299233725961141
2024-12-14,SKU_A|STORE_1,33,0,8.457401568234424
2024-12-15,SKU_A|STORE_1,25,0,4.852319626754813
2024-12-16,SKU_A|STORE_1,39,0,5.225009690940562
2024-12-17,SKU_A|STORE_1,45,0,6.127584349246673
2024-12-18,SKU_A|STORE_1,47,0,7.921478008940693
2024-12-19,SKU_A|STORE_1,42,0,7.128123147369202
2024-12-20,SKU_A|STORE_1,33,0,8.170187372767225
2024-12-21,SKU_A|STORE_1,26,0,8.53796102591316
2024-12-22,SKU_A|STORE_1,27,0,7.550746978671733
2024-12-23,SKU_A|STORE_1,30,0,8.272306851434932
2024-12-24,SKU_A|STORE_1,48,0,8.970688215639836
2024-12-25,SKU_A|STORE_1,43,0,8.594840223564422
2024-12-26,SKU_A|STORE_1,44,0,9.97546414513874
2024-12-27,SKU_A|STORE_1,36,0,12.916122425028172
2024-12-28,SKU_A|STORE_1,29,0,10.56450856286261
2024-12-29,SKU_A|STORE_1,45,0,9.698561753344153
2024-12-30,SKU_A|STORE_1,51,1,6.421202479406148
2024-12-31,SKU_A|STORE_1,50,0,10.7759141720304
2025-01-01,SKU_A|STORE_1,60,0,6.313203450335603
2025-01-02,SKU_A|STORE_1,68,1,7.594991167160701
2025-01-03,SKU_A|STORE_1,46,0,12.328714511616575
2025-01-04,SKU_A|STORE_1,29,0,12.238099241901159
2025-01-05,SKU_A|STORE_1,39,0,10.731699588151585
2025-01-06,SKU_A|STORE_1,33,0,7.817198157064777
2025-01-07,SKU_A|STORE_1,48,0,10.699799505010526
2025-01-08,SKU_A|STORE_1,61,0,10.289868628927117
2025-01-09,SKU_A|STORE_1,44,0,13.125387340231788
2025-01-10,SKU_A|STORE_1,45,0,16.5709787950328
2025-01-11,SKU_A|STORE_1,33,0,12.692581494028243
2025-01-12,SKU_A|STORE_1,30,0,10.902631742359201
2025-01-13,SKU_A|STORE_1,48,0,10.321955095443546
2025-01-14,SKU_A|STORE_1,44,0,12.75188463053486
2025-01-15,SKU_A|STORE_1,48,0,12.710653154367064
2025-01-16,SKU_A|STORE_1,42,0,10.960459571354324
2025-01-17,SKU_A|STORE_1,23,0,13.694499665951671
2025-01-18,SKU_A|STORE_1,37,0,11.357227653253744
2025-01-19,SKU_A|STORE_1,46,0,16.07945048376697
2025-01-20,SKU_A|STORE_1,35,0,16.17557600670567
2025-01-21,SKU_A|STORE_1,54,0,16.4136159967093
2025-01-22,SKU_A|STORE_1,48,0,13.488593573471016
2025-01-23,SKU_A|STORE_1,42,0,15.657002001559462
2025-01-24,SKU_A|STORE_1,47,0,14.553716860032957
2025-01-25,SKU_A|STORE_1,35,0,14.228699108542834
2025-01-26,SKU_A|STORE_1,30,0,14.515015796321032
2025-01-27,SKU_A|STORE_1,59,0,12.77932155481662
2025-01-28,SKU_A|STORE_1,51,0,12.674875859043958
2025-01-29,SKU_A|STORE_1,80,1,17.333435663141554
2025-01-30,SKU_A|STORE_1,38,0,15.542835794080693
2025-01-31,SKU_A|STORE_1,45,0,16.5369010284805
2025-02-01,SKU_A|STORE_1,34,0,18.284408065294844
2025-02-02,SKU_A|STORE_1,24,0,12.989797068427446
2025-02-03,SKU_A|STORE_1,47,0,15.06096361037965
2025-02-04,SKU_A|STORE_1,47,0,17.15109076242355
2025-02-05,SKU_A|STORE_1,61,0,17.75379285477676
2025-02-06,SKU_A|STORE_1,48,0,16.382571342726962
2025-02-07,SKU_A|STORE_1,38,0,19.360080906777206
2025-02-08,SKU_A|STORE_1,39,0,17.88535085894968
2025-02-09,SKU_A|STORE_1,43,0,15.198423333026406
2025-02-10,SKU_A|STORE_1,49,0,15.922027180438487
2025-02-11,SKU_A|STORE_1,51,0,19.55055753989658
2025-02-12,SKU_A|STORE_1,59,0,19.020986338907463
2025-02-13,SKU_A|STORE_1,67,0,14.446510728670798
2025-02-14,SKU_A|STORE_1,55,0,21.088924532344578
2025-02-15,SKU_A|STORE_1,27,0,19.735933529569063
2025-02-16,SKU_A|STORE_1,36,0,21.37041443494395
2025-02-17,SKU_A|STORE_1,78,1,18.05760251341765
2025-02-18,SKU_A|STORE_1,49,0,18.372252609694012
2025-02-19,SKU_A|STORE_1,65,0,16.846755532240117
2025-02-20,SKU_A|STORE_1,52,0,24.30683706287103
2025-02-21,SKU_A|STORE_1,37,0,19.01264176203501
2025-02-22,SKU_A|STORE_1,41,0,22.666414265245216
2025-02-23,SKU_A|STORE_1,37,0,18.32174815532156
2024-01-01,SKU_A|STORE_2,27,0,12.24790130015484
2024-01-02,SKU_A|STORE_2,32,0,10.228672415978046
2024-01-03,SKU_A|STORE_2,32,0,12.80435138839822
2024-01-04,SKU_A|STORE_2,48,1,12.312210846787579
2024-01-05,SKU_A|STORE_2,18,0,12.258470928463083
2024-01-06,SKU_A|STORE_2,19,0,12.038623340442456
2024-01-07,SKU_A|STORE_2,31,1,12.032618394427443
2024-01-08,SKU_A|STORE_2,30,0,11.908568152821566
2024-01-09,SKU_A|STORE_2,29,0,12.09915774441728
2024-01-10,SKU_A|STORE_2,39,0,13.832095039090781
2024-01-11,SKU_A|STORE_2,29,0,11.031558382355842
2024-01-12,SKU_A|STORE_2,35,0,15.730090790306551
2024-01-13,SKU_A|STORE_2,27,0,12.248768907705015
2024-01-14,SKU_A|STORE_2,25,0,14.633822546227652
2024-01-15,SKU_A|STORE_2,32,0,12.683590816493716
2024-01-16,SKU_A|STORE_2,39,0,12.570907550533663
2024-01-17,SKU_A|STORE_2,35,0,17.327980861870827
2024-01-18,SKU_A|STORE_2,31,0,12.843099624164553
2024-01-19,SKU_A|STORE_2,35,0,11.104621170524181
2024-01-20,SKU_A|STORE_2,15,0,12.4270716222669
2024-01-21,SKU_A|STORE_2,26,0,13.415818888112959
2024-01-22,SKU_A|STORE_2,39,0,18.55449717155201
2024-01-23,SKU_A|STORE_2,23,0,14.850206379100706
2024-01-24,SKU_A|STORE_2,53,1,16.497387674521878
2024-01-25,SKU_A|STORE_2,57,1,12.814655956711508
2024-01-26,SKU_A|STORE_2,26,0,15.711539810870095
2024-01-27,SKU_A|STORE_2,15,0,16.5362638073981
2024-01-28,SKU_A|STORE_2,24,0,18.98200601181363
2024-01-29,SKU_A|STORE_2,26,0,14.170062354186253
2024-01-30,SKU_A|STORE_2,32,0,16.95178500677715
2024-01-31,SKU_A|STORE_2,39,0,16.53047441882638
2024-02-01,SKU_A|STORE_2,37,0,14.060621905161298
2024-02-02,SKU_A|STORE_2,39,0,16.242074817214245
2024-02-03,SKU_A|STORE_2,30,0,15.929112239386813
2024-02-04,SKU_A|STORE_2,25,0,11.978492906117866
2024-02-05,SKU_A|STORE_2,46,1,17.99775932425787
2024-02-06,SKU_A|STORE_2,40,0,18.050090120932666
2024-02-07,SKU_A|STORE_2,39,0,16.258850655537117
2024-02-08,SKU_A|STORE_2,28,0,14.624598552152118
2024-02-09,SKU_A|STORE_2,25,0,20.424322715555654
2024-02-10,SKU_A|STORE_2,24,0,18.157186185469723
2024-02-11,SKU_A|STORE_2,38,1,19.81695732044302
2024-02-12,SKU_A|STORE_2,36,0,20.760259012311373
2024-02-13,SKU_A|STORE_2,39,0,17.051509857349302
2024-02-14,SKU_A|STORE_2,48,0,19.868942271965537
2024-02-15,SKU_A|STORE_2,34,0,17.911201897279547
2024-02-16,SKU_A|STORE_2,25,0,18.414782184381536
2024-02-17,SKU_A|STORE_2,14,0,18.512497226273577
2024-02-18,SKU_A|STORE_2,24,0,18.822366410657754
2024-02-19,SKU_A|STORE_2,31,0,21.191585451617343
2024-02-20,SKU_A|STORE_2,46,0,19.34732476379997
2024-02-21,SKU_A|STORE_2,37,0,18.925512426491064
2024-02-22,SKU_A|STORE_2,36,0,18.81047574981608
2024-02-23,SKU_A|STORE_2,38,1,20.173976179491724
2024-02-24,SKU_A|STORE_2,19,0,17.826596931480296
2024-02-25,SKU_A|STORE_2,27,0,18.733151846988406
2024-02-26,SKU_A|STORE_2,28,0,19.75315747741446
2024-02-27,SKU_A|STORE_2,40,0,18.842350891972963
2024-02-28,SKU_A|STORE_2,35,0,19.850468561739987
2024-02-29,SKU_A|STORE_2,65,1,18.976251372492325
2024-03-01,SKU_A|STORE_2,28,0,24.313083057367578
2024-03-02,SKU_A|STORE_2,28,0,23.06759773805085
2024-03-03,SKU_A|STORE_2,29,0,21.410604787859796
2024-03-04,SKU_A|STORE_2,42,0,20.501573083042636
2024-03-05,SKU_A|STORE_2,47,0,25.085304483113006
2024-03-06,SKU_A|STORE_2,40,0,21.44147625197416
2024-03-07,SKU_A|STORE_2,37,0,20.71047473789391
2024-03-08,SKU_A|STORE_2,28,0,21.575788611860922
2024-03-09,SKU_A|STORE_2,23,0,21.66354186542345
2024-03-10,SKU_A|STORE_2,32,0,23.951135615917813
2024-03-11,SKU_A|STORE_2,39,0,21.168117360907242
2024-03-12,SKU_A|STORE_2,40,0,25.47692234341725
2024-03-13,SKU_A|STORE_2,38,0,19.583114129122276
2024-03-14,SKU_A|STORE_2,35,0,22.800778629379533
2024-03-15,SKU_A|STORE_2,20,0,19.471164365807255
2024-03-16,SKU_A|STORE_2,31,0,25.167759319715536
2024-03-17,SKU_A|STORE_2,29,0,20.927748374071907
2024-03-18,SKU_A|STORE_2,34,0,21.524388518593256
2024-03-19,SKU_A|STORE_2,40,0,23.53767927467409
2024-03-20,SKU_A|STORE_2,59,1,24.244861466124323
2024-03-21,SKU_A|STORE_2,33,0,19.551923970082722
2024-03-22,SKU_A|STORE_2,30,0,21.12136781774205
2024-03-23,SKU_A|STORE_2,29,0,19.0583467631283
2024-03-24,SKU_A|STORE_2,36,0,22.15380024379928
2024-03-25,SKU_A|STORE_2,34,0,21.703921442732526
2024-03-26,SKU_A|STORE_2,46,0,21.232746837208296
2024-03-27,SKU_A|STORE_2,36,0,20.58210527596493
2024-03-28,SKU_A|STORE_2,37,0,21.196086749602134
2024-03-29,SKU_A|STORE_2,21,0,20.488434376405873
2024-03-30,SKU_A|STORE_2,26,0,23.048923818928447
2024-03-31,SKU_A|STORE_2,27,0,25.02912211816808
2024-04-01,SKU_A|STORE_2,29,0,18.138440659696247
2024-04-02,SKU_A|STORE_2,49,0,21.767064871713977
2024-04-03,SKU_A|STORE_2,41,0,21.158211820060078
2024-04-04,SKU_A|STORE_2,46,0,22.971293764022995
2024-04-05,SKU_A|STORE_2,28,0,20.071471895697275
2024-04-06,SKU_A|STORE_2,25,0,21.667035159664493
2024-04-07,SKU_A|STORE_2,33,0,19.862079368251365
2024-04-08,SKU_A|STORE_2,36,0,23.312477878154557
2024-04-09,SKU_A|STORE_2,36,0,22.091918027838044
2024-04-10,SKU_A|STORE_2,51,0,21.54118195166102
2024-04-11,SKU_A|STORE_2,32,0,22.571753657586658
2024-04-12,SKU_A|STORE_2,30,0,21.302152014497903
2024-04-13,SKU_A|STORE_2,17,0,18.647722333792224
2024-04-14,SKU_A|STORE_2,30,0,22.903587427454955
2024-04-15,SKU_A|STORE_2,33,0,22.241958700463673
2024-04-16,SKU_A|STORE_2,41,0,21.30709419319902
2024-04-17,SKU_A|STORE_2,58,0,23.531496444036897
2024-04-18,SKU_A|STORE_2,44,0,23.941604903431326
2024-04-19,SKU_A|STORE_2,36,0,19.259606691322304
2024-04-20,SKU_A|STORE_2,23,0,19.818186816175658
2024-04-21,SKU_A|STORE_2,39,0,24.40770391222075
2024-04-22,SKU_A|STORE_2,35,0,24.080279888727805
2024-04-23,SKU_A|STORE_2,40,0,19.691900915283558
2024-04-24,SKU_A|STORE_2,37,0,18.730068561843815
2024-04-25,SKU_A|STORE_2,40,0,19.73586840524077
2024-04-26,SKU_A|STORE_2,25,0,19.931022747495373
2024-04-27,SKU_A|STORE_2,22,0,17.672137964122772
2024-04-28,SKU_A|STORE_2,26,0,20.812405994317423
2024-04-29,SKU_A|STORE_2,31,0,18.096330052070883
2024-04-30,SKU_A|STORE_2,41,0,18.13936714759938
2024-05-01,SKU_A|STORE_2,34,0,22.29268866904407
2024-05-02,SKU_A|STORE_2,25,0,18.991326985637414
2024-05-03,SKU_A|STORE_2,29,0,20.108923672769027
2024-05-04,SKU_A|STORE_2,17,0,21.401181399588154
2024-05-05,SKU_A|STORE_2,31,0,21.657553897206093
2024-05-06,SKU_A|STORE_2,38,0,19.242210127101394
2024-05-07,SKU_A|STORE_2,23,0,19.886691574660194
2024-05-08,SKU_A|STORE_2,44,0,18.02694737706183
2024-05-09,SKU_A|STORE_2,40,0,23.04895375830943
2024-05-10,SKU_A|STORE_2,35,0,20.727697896470875
2024-05-11,SKU_A|STORE_2,25,0,17.092128936552427
2024-05-12,SKU_A|STORE_2,21,0,19.174779291199197
2024-05-13,SKU_A|STORE_2,30,0,20.459105305103016
2024-05-14,SKU_A|STORE_2,42,0,19.853486063320624
2024-05-15,SKU_A|STORE_2,62,0,22.413030885118648
2024-05-16,SKU_A|STORE_2,46,0,21.35676119047837
2024-05-17,SKU_A|STORE_2,24,0,17.38839040563309
2024-05-18,SKU_A|STORE_2,26,0,18.141013721719208
2024-05-19,SKU_A|STORE_2,19,0,15.606198127771824
2024-05-20,SKU_A|STORE_2,30,0,18.515672336341296
2024-05-21,SKU_A|STORE_2,39,0,18.163918405601695
2024-05-22,SKU_A|STORE_2,46,0,23.111622284076844
2024-05-23,SKU_A|STORE_2,39,0,17.740303983569245
2024-05-24,SKU_A|STORE_2,32,0,13.196910438257756
2024-05-25,SKU_A|STORE_2,19,0,15.875315785289958
2024-05-26,SKU_A|STORE_2,33,0,17.278121450559826
2024-05-27,SKU_A|STORE_2,40,0,14.373236629666293
2024-05-28,SKU_A|STORE_2,23,0,14.980655780818985
2024-05-29,SKU_A|STORE_2,47,0,15.811613646031608
2024-05-30,SKU_A|STORE_2,57,1,17.05238384687443
2024-05-31,SKU_A|STORE_2,26,0,15.862064669765669
2024-06-01,SKU_A|STORE_2,22,0,14.236436786455437
2024-06-02,SKU_A|STORE_2,22,0,17.410634954294533
2024-06-03,SKU_A|STORE_2,48,1,14.574639193037289
2024-06-04,SKU_A|STORE_2,33,0,14.472262635277964
2024-06-05,SKU_A|STORE_2,38,0,12.52692222830337
2024-06-06,SKU_A|STORE_2,21,0,13.527972596510926
2024-06-07,SKU_A|STORE_2,29,0,16.21581469755777
2024-06-08,SKU_A|STORE_2,22,0,11.487773002810101
2024-06-09,SKU_A|STORE_2,32,0,14.390148193180158
2024-06-10,SKU_A|STORE_2,24,0,15.776014815306974
2024-06-11,SKU_A|STORE_2,39,0,13.393130537792294
2024-06-12,SKU_A|STORE_2,23,0,14.432482823504293
2024-06-13,SKU_A|STORE_2,30,0,11.523696468464067
2024-06-14,SKU_A|STORE_2,31,1,16.18110963565137
2024-06-15,SKU_A|STORE_2,22,0,15.564868774596126
2024-06-16,SKU_A|STORE_2,30,0,13.634984079102727
2024-06-17,SKU_A|STORE_2,35,0,9.454108445939397
2024-06-18,SKU_A|STORE_2,36,0,10.671743367373217
2024-06-19,SKU_A|STORE_2,40,0,14.515657109140239
2024-06-20,SKU_A|STORE_2,29,0,15.786316858080323
2024-06-21,SKU_A|STORE_2,21,0,12.750429908676752
2024-06-22,SKU_A|STORE_2,26,0,14.448322023333603
2024-06-23,SKU_A|STORE_2,21,0,10.534066956195415
2024-06-24,SKU_A|STORE_2,23,0,11.166203816209162
2024-06-25,SKU_A|STORE_2,42,0,11.342203892586955
2024-06-26,SKU_A|STORE_2,33,0,11.980634505276393
2024-06-27,SKU_A|STORE_2,41,1,7.871018569911717
2024-06-28,SKU_A|STORE_2,21,0,12.603893013466106
2024-06-29,SKU_A|STORE_2,18,0,13.161360084787958
2024-06-30,SKU_A|STORE_2,21,0,8.012350985045671
2024-07-01,SKU_A|STORE_2,29,0,7.392604620144558
2024-07-02,SKU_A|STORE_2,28,0,10.597836266570978
2024-07-03,SKU_A|STORE_2,30,0,8.381554905049502
2024-07-04,SKU_A|STORE_2,39,0,4.742073838749872
2024-07-05,SKU_A|STORE_2,19,0,10.894607703661213
2024-07-06,SKU_A|STORE_2,23,0,9.382551083000505
2024-07-07,SKU_A|STORE_2,20,0,7.912265006577923
2024-07-08,SKU_A|STORE_2,29,0,12.886980499961139
2024-07-09,SKU_A|STORE_2,35,0,8.732830373928351
2024-07-10,SKU_A|STORE_2,46,1,6.743549516351105
2024-07-11,SKU_A|STORE_2,29,0,8.248619468938497
2024-07-12,SKU_A|STORE_2,18,0,5.76266243643147
2024-07-13,SKU_A|STORE_2,26,0,6.116511774395596
2024-07-14,SKU_A|STORE_2,21,0,8.210474618972817
2024-07-15,SKU_A|STORE_2,34,0,6.127935544808151
2024-07-16,SKU_A|STORE_2,26,0,6.133785686288306
2024-07-17,SKU_A|STORE_2,36,0,10.173903808945477
2024-07-18,SKU_A|STORE_2,23,0,8.356529463982175
2024-07-19,SKU_A|STORE_2,19,0,8.045097808931759
2024-07-20,SKU_A|STORE_2,20,0,7.300348913166522
2024-07-21,SKU_A|STORE_2,25,0,7.015501336754033
2024-07-22,SKU_A|STORE_2,30,0,8.765822045765484
2024-07-23,SKU_A|STORE_2,39,0,5.6203432592924685
2024-07-24,SKU_A|STORE_2,28,0,9.178532667351984
2024-07-25,SKU_A|STORE_2,29,0,3.3741133441977786
2024-07-26,SKU_A|STORE_2,20,0,4.577653118770051
2024-07-27,SKU_A|STORE_2,20,0,2.1428031976135777
2024-07-28,SKU_A|STORE_2,20,0,4.0262285484081755
2024-07-29,SKU_A|STORE_2,39,1,5.566004543807303
2024-07-30,SKU_A|STORE_2,29,0,7.248579686364003
2024-07-31,SKU_A|STORE_2,31,0,2.838072438301914
2024-08-01,SKU_A|STORE_2,36,0,3.995707185848884
2024-08-02,SKU_A|STORE_2,21,0,3.0888305081398917
2024-08-03,SKU_A|STORE_2,20,0,2.1540395404870094
2024-08-04,SKU_A|STORE_2,14,1,1.0783558304175278
2024-08-05,SKU_A|STORE_2,25,0,3.4062511816814847
2024-08-06,SKU_A|STORE_2,27,0,-0.34939721572221716
2024-08-07,SKU_A|STORE_2,31,0,3.1676632741393225
2024-08-08,SKU_A|STORE_2,37,0,2.8224151122764396
2024-08-09,SKU_A|STORE_2,19,0,1.3010842025923046
2024-08-10,SKU_A|STORE_2,14,0,0.43303908503005983
2024-08-11,SKU_A|STORE_2,22,0,-0.47327112205686817
2024-08-12,SKU_A|STORE_2,31,0,5.88078053544646
2024-08-13,SKU_A|STORE_2,26,0,-0.7007104989400581
2024-08-14,SKU_A|STORE_2,33,0,4.946123805376054
2024-08-15,SKU_A|STORE_2,50,1,2.880954797091305
2024-08-16,SKU_A|STORE_2,19,0,0.8049547421441073
2024-08-17,SKU_A|STORE_2,19,0,-0.9262766515548781
2024-08-18,SKU_A|STORE_2,19,0,3.330296344682122
2024-08-19,SKU_A|STORE_2,53,1,4.56463826330101
2024-08-20,SKU_A|STORE_2,27,0,-0.9000507480037325
2024-08-21,SKU_A|STORE_2,21,0,0.23584623475262445
2024-08-22,SKU_A|STORE_2,28,0,2.8046390331829354
2024-08-23,SKU_A|STORE_2,14,0,1.2437684591091118
2024-08-24,SKU_A|STORE_2,12,0,4.445727546920922
2024-08-25,SKU_A|STORE_2,22,0,-0.8180482547940258
2024-08-26,SKU_A|STORE_2,19,0,1.2861257993880304
2024-08-27,SKU_A|STORE_2,19,0,-2.4181063245702448
2024-08-28,SKU_A|STORE_2,29,0,4.160677707974455
2024-08-29,SKU_A|STORE_2,30,0,-1.6036703128132632
2024-08-30,SKU_A|STORE_2,20,0,-4.66780009558832
2024-08-31,SKU_A|STORE_2,15,0,-0.6092335791181955
2024-09-01,SKU_A|STORE_2,22,0,-0.7393370667385015
2024-09-02,SKU_A|STORE_2,20,0,3.2709965774411534
2024-09-03,SKU_A|STORE_2,25,0,-1.3343271623214026
2024-09-04,SKU_A|STORE_2,27,0,-0.7753589771030989
2024-09-05,SKU_A|STORE_2,28,0,0.3466081159293535
2024-09-06,SKU_A|STORE_2,33,0,2.2452858050883697
2024-09-07,SKU_A|STORE_2,19,0,-1.1374627415383145
2024-09-08,SKU_A|STORE_2,24,0,0.9874671208586507
2024-09-09,SKU_A|STORE_2,27,0,-0.13251799633378814
2024-09-10,SKU_A|STORE_2,30,0,-1.8350468250691025
2024-09-11,SKU_A|STORE_2,28,0,-1.1580248367028902
2024-09-12,SKU_A|STORE_2,20,0,-1.3229912024325705
2024-09-13,SKU_A|STORE_2,23,0,-3.2762212310004095
2024-09-14,SKU_A|STORE_2,20,0,0.922747705044642
2024-09-15,SKU_A|STORE_2,18,0,-4.332887088106124
2024-09-16,SKU_A|STORE_2,30,0,0.7270844488128736
2024-09-17,SKU_A|STORE_2,37,0,0.24342029870042303
2024-09-18,SKU_A|STORE_2,29,0,-1.8982251237481444
2024-09-19,SKU_A|STORE_2,27,0,-3.28625299469336
2024-09-20,SKU_A|STORE_2,19,0,-2.2479687950835934
2024-09-21,SKU_A|STORE_2,18,0,-0.8858284835755721
2024-09-22,SKU_A|STORE_2,19,0,-0.378014204060221
2024-09-23,SKU_A|STORE_2,20,0,-1.3195308408417967
2024-09-24,SKU_A|STORE_2,32,0,0.065190481072668
2024-09-25,SKU_A|STORE_2,44,0,-3.056132877263308
2024-09-26,SKU_A|STORE_2,28,0,-1.490754024049991
2024-09-27,SKU_A|STORE_2,25,0,-5.1116975521236085
2024-09-28,SKU_A|STORE_2,12,0,-0.4593032693456005
2024-09-29,SKU_A|STORE_2,15,0,-1.688202864345114
2024-09-30,SKU_A|STORE_2,15,0,-2.830148258206309
2024-10-01,SKU_A|STORE_2,29,0,0.3231959606042145
2024-10-02,SKU_A|STORE_2,35,0,-0.6141697261656756
2024-10-03,SKU_A|STORE_2,32,0,-7.623788618364337
2024-10-04,SKU_A|STORE_2,19,0,-1.9014585573320493
2024-10-05,SKU_A|STORE_2,23,0,-4.877947670753439
2024-10-06,SKU_A|STORE_2,19,0,0.18229179517056204
2024-10-07,SKU_A|STORE_2,28,0,3.0475347630822087
2024-10-08,SKU_A|STORE_2,29,0,-2.943733534445876
2024-10-09,SKU_A|STORE_2,50,1,-1.7300316360443782
2024-10-10,SKU_A|STORE_2,31,0,-2.350260456545031
2024-10-11,SKU_A|STORE_2,16,0,-1.11205957658466
2024-10-12,SKU_A|STORE_2,15,0,-0.4865796120417045
2024-10-13,SKU_A|STORE_2,22,0,0.8402077750127206
2024-10-14,SKU_A|STORE_2,16,0,-3.6640481310646167
2024-10-15,SKU_A|STORE_2,27,0,1.5025025614291256
2024-10-16,SKU_A|STORE_2,25,0,-3.451906963945481
2024-10-17,SKU_A|STORE_2,33,0,-0.9793800077276124
2024-10-18,SKU_A|STORE_2,35,1,0.8423353600505012
2024-10-19,SKU_A|STORE_2,23,0,0.013719281254152005
2024-10-20,SKU_A|STORE_2,19,0,-3.224306531102411
2024-10-21,SKU_A|STORE_2,27,0,-2.682119928951795
2024-10-22,SKU_A|STORE_2,21,0,-2.1307085513374986
2024-10-23,SKU_A|STORE_2,35,0,-1.2328387652021753
2024-10-24,SKU_A|STORE_2,38,1,1.2422510440378578
2024-10-25,SKU_A|STORE_2,21,0,-3.5531587332276002
2024-10-26,SKU_A|STORE_2,12,0,0.049237255593850615
2024-10-27,SKU_A|STORE_2,20,0,0.4243744285188147
2024-10-28,SKU_A|STORE_2,24,0,0.4128012868008444
2024-10-29,SKU_A|STORE_2,20,0,0.3238025495956115
2024-10-30,SKU_A|STORE_2,33,0,2.525935780908917
2024-10-31,SKU_A|STORE_2,22,0,0.5661404299773027
2024-11-01,SKU_A|STORE_2,29,0,1.4087509898102946
2024-11-02,SKU_A|STORE_2,12,0,0.9292879115243966
2024-11-03,SKU_A|STORE_2,17,0,3.4988047978428445
2024-11-04,SKU_A|STORE_2,17,0,-3.7736569955154473
2024-11-05,SKU_A|STORE_2,34,0,2.7064985146095983
2024-11-06,SKU_A|STORE_2,46,1,-0.26053025659521256
2024-11-07,SKU_A|STORE_2,39,1,-0.17776677896889015
2024-11-08,SKU_A|STORE_2,23,0,-1.4303013675341492
2024-11-09,SKU_A|STORE_2,14,0,-3.1009411488629577
2024-11-10,SKU_A|STORE_2,28,0,0.0032323822776154643
2024-11-11,SKU_A|STORE_2,21,0,-0.47425632077829194
2024-11-12,SKU_A|STORE_2,28,0,2.0246829065627225
2024-11-13,SKU_A|STORE_2,29,0,-1.7695292214426712
2024-11-14,SKU_A|STORE_2,39,1,4.1794978995372905
2024-11-15,SKU_A|STORE_2,19,0,2.00398821904743
2024-11-16,SKU_A|STORE_2,18,0,1.1106946923186578
2024-11-17,SKU_A|STORE_2,22,0,0.3365200949442082
2024-11-18,SKU_A|STORE_2,21,0,0.33226246309972995
2024-11-19,SKU_A|STORE_2,24,0,-0.19978974814857065
2024-11-20,SKU_A|STORE_2,28,0,1.127723817765885
2024-11-21,SKU_A|STORE_2,42,1,2.38691321910689
2024-11-22,SKU_A|STORE_2,18,0,2.180712119822375
2024-11-23,SKU_A|STORE_2,27,0,-0.13069818899109054
2024-11-24,SKU_A|STORE_2,15,0,2.331623274383446
2024-11-25,SKU_A|STORE_2,21,0,1.2440308878802229
2024-11-26,SKU_A|STORE_2,21,0,3.519343294630742
2024-11-27,SKU_A|STORE_2,35,0,7.100079992396798
2024-11-28,SKU_A|STORE_2,60,1,4.793983329766942
2024-11-29,SKU_A|STORE_2,25,0,3.0927728339690823
2024-11-30,SKU_A|STORE_2,12,0,0.6461823268257487
2024-12-01,SKU_A|STORE_2,24,1,1.245244780722702
2024-12-02,SKU_A|STORE_2,23,0,0.8817472676591511
2024-12-03,SKU_A|STORE_2,26,0,5.88933367596746
2024-12-04,SKU_A|STORE_2,34,0,3.091109199027063
2024-12-05,SKU_A|STORE_2,18,0,4.931893407643315
2024-12-06,SKU_A|STORE_2,20,0,3.7496484035674005
2024-12-07,SKU_A|STORE_2,21,0,5.36453721327534
2024-12-08,SKU_A|STORE_2,28,0,8.175393386855621
2024-12-09,SKU_A|STORE_2,22,0,4.193413621077169
2024-12-10,SKU_A|STORE_2,25,0,5.073975855427255
2024-12-11,SKU_A|STORE_2,49,1,4.3370373822101325
2024-12-12,SKU_A|STORE_2,32,0,7.893913866730284
2024-12-13,SKU_A|STORE_2,18,0,4.289510924296051
2024-12-14,SKU_A|STORE_2,22,0,4.2722443164147625
2024-12-15,SKU_A|STORE_2,25,0,3.9611761784474786
2024-12-16,SKU_A|STORE_2,26,0,4.118813430225263
2024-12-17,SKU_A|STORE_2,25,0,8.077715485271348
2024-12-18,SKU_A|STORE_2,43,0,12.475191884260271
2024-12-19,SKU_A|STORE_2,27,0,5.547993368762648
2024-12-20,SKU_A|STORE_2,29,0,9.644371128493667
2024-12-21,SKU_A|STORE_2,26,1,8.446696353167008
2024-12-22,SKU_A|STORE_2,16,0,5.944249019524671
2024-12-23,SKU_A|STORE_2,29,0,7.799255634586842
2024-12-24,SKU_A|STORE_2,22,0,8.091670109866193
2024-12-25,SKU_A|STORE_2,31,0,7.381375847383464
2024-12-26,SKU_A|STORE_2,37,0,12.829636162575742
2024-12-27,SKU_A|STORE_2,22,0,5.362129739057855
2024-12-28,SKU_A|STORE_2,19,0,10.142636889695101
2024-12-29,SKU_A|STORE_2,19,0,10.249989621794484
2024-12-30,SKU_A|STORE_2,24,0,8.634207329699825
2024-12-31,SKU_A|STORE_2,42,0,10.29900573075076
2025-01-01,SKU_A|STORE_2,30,0,11.961770211261824
2025-01-02,SKU_A|STORE_2,32,0,10.718529610352293
2025-01-03,SKU_A|STORE_2,23,0,11.454086651760406
2025-01-04,SKU_A|STORE_2,24,0,12.211452988172093
2025-01-05,SKU_A|STORE_2,18,0,6.96746560401626
2025-01-06,SKU_A|STORE_2,28,0,14.19397662031249
2025-01-07,SKU_A|STORE_2,38,0,15.999104479007672
2025-01-08,SKU_A|STORE_2,55,1,13.608935372791786
2025-01-09,SKU_A|STORE_2,39,0,13.879035113430076
2025-01-10,SKU_A|STORE_2,23,0,9.239023775544386
2025-01-11,SKU_A|STORE_2,27,0,12.021863781091971
2025-01-12,SKU_A|STORE_2,16,0,10.83716637314204
2025-01-13,SKU_A|STORE_2,33,0,11.488669635369806
2025-01-14,SKU_A|STORE_2,49,1,14.798147010004497
2025-01-15,SKU_A|STORE_2,32,0,11.456438366913503
2025-01-16,SKU_A|STORE_2,29,0,13.003295305018813
2025-01-17,SKU_A|STORE_2,30,0,9.644627751803903
2025-01-18,SKU_A|STORE_2,23,0,13.342190692064326
2025-01-19,SKU_A|STORE_2,22,0,14.035269460079643
2025-01-20,SKU_A|STORE_2,26,0,12.640694378851896
2025-01-21,SKU_A|STORE_2,38,0,12.804339867240941
2025-01-22,SKU_A|STORE_2,28,0,18.209540286655212
2025-01-23,SKU_A|STORE_2,24,0,12.20847230311341
2025-01-24,SKU_A|STORE_2,21,0,12.716621784670895
2025-01-25,SKU_A|STORE_2,22,0,13.38830228074461
2025-01-26,SKU_A|STORE_2,23,0,17.59094515583496
2025-01-27,SKU_A|STORE_2,35,0,19.581836988528387
2025-01-28,SKU_A|STORE_2,47,0,16.22695495432625
2025-01-29,SKU_A|STORE_2,24,0,14.310170049508448
2025-01-30,SKU_A|STORE_2,43,0,15.069841879639442
2025-01-31,SKU_A|STORE_2,34,0,18.233675961192805
2025-02-01,SKU_A|STORE_2,15,0,14.458851530560931
2025-02-02,SKU_A|STORE_2,23,0,19.361955312904147
2025-02-03,SKU_A|STORE_2,36,0,19.46238012644355
2025-02-04,SKU_A|STORE_2,48,0,16.94083710577404
2025-02-05,SKU_A|STORE_2,37,0,18.261863220064225
2025-02-06,SKU_A|STORE_2,31,0,18.636212139192075
2025-02-07,SKU_A|STORE_2,27,0,20.410142673700648
2025-02-08,SKU_A|STORE_2,18,0,15.361657483950573
2025-02-09,SKU_A|STORE_2,32,0,19.987596911714185
2025-02-10,SKU_A|STORE_2,30,0,17.03309872914247
2025-02-11,SKU_A|STORE_2,47,0,16.404093451756268
2025-02-12,SKU_A|STORE_2,41,0,18.298668289718456
2025-02-13,SKU_A|STORE_2,30,0,17.815944633510565
2025-02-14,SKU_A|STORE_2,29,0,16.41851396786211
2025-02-15,SKU_A|STORE_2,17,0,15.345218611111207
2025-02-16,SKU_A|STORE_2,26,0,16.799538663747192
2025-02-17,SKU_A|STORE_2,47,1,21.729718726893328
2025-02-18,SKU_A|STORE_2,37,0,22.88880405925294
2025-02-19,SKU_A|STORE_2,44,0,20.399902593790987
2025-02-20,SKU_A|STORE_2,50,0,21.60482885243046
2025-02-21,SKU_A|STORE_2,31,0,18.329884281668495
2025-02-22,SKU_A|STORE_2,32,0,19.33704453091778
2025-02-23,SKU_A|STORE_2,27,0,20.181862522656107
2024-01-01,SKU_B|STORE_1,0,0,13.068521650723998
2024-01-02,SKU_B|STORE_1,0,0,12.990764418964927
2024-01-03,SKU_B|STORE_1,12,0,15.046390226761286
2024-01-04,SKU_B|STORE_1,0,1,11.241217551953154
2024-01-05,SKU_B|STORE_1,8,0,11.231196637542581
2024-01-06,SKU_B|STORE_1,0,0,13.043981293839726
2024-01-07,SKU_B|STORE_1,8,0,11.275047781910985
2024-01-08,SKU_B|STORE_1,8,0,11.317559813149746
2024-01-09,SKU_B|STORE_1,15,1,9.552615461433854
2024-01-10,SKU_B|STORE_1,21,0,13.834146134134237
2024-01-11,SKU_B|STORE_1,14,0,9.911522187383891
2024-01-12,SKU_B|STORE_1,0,0,13.28324070173608
2024-01-13,SKU_B|STORE_1,8,0,9.622905512510966
2024-01-14,SKU_B|STORE_1,0,1,14.855731382184917
2024-01-15,SKU_B|STORE_1,14,0,10.806457545536125
2024-01-16,SKU_B|STORE_1,0,0,14.751203899201103
2024-01-17,SKU_B|STORE_1,0,0,10.084826952840906
2024-01-18,SKU_B|STORE_1,0,1,12.582157110359672
2024-01-19,SKU_B|STORE_1,4,0,16.015745502483387
2024-01-20,SKU_B|STORE_1,0,0,12.244544701081384
2024-01-21,SKU_B|STORE_1,0,1,14.184656816960144
2024-01-22,SKU_B|STORE_1,20,0,13.287251473675006
2024-01-23,SKU_B|STORE_1,0,0,9.81783392130227
2024-01-24,SKU_B|STORE_1,25,1,15.244079032659094
2024-01-25,SKU_B|STORE_1,0,0,15.682372869591351
2024-01-26,SKU_B|STORE_1,13,0,12.790778746179349
2024-01-27,SKU_B|STORE_1,6,0,16.34067970398431
2024-01-28,SKU_B|STORE_1,0,0,13.787361892834232
2024-01-29,SKU_B|STORE_1,15,0,13.555809508220637
2024-01-30,SKU_B|STORE_1,11,0,15.758513181554022
2024-01-31,SKU_B|STORE_1,0,0,14.562476713762216
2024-02-01,SKU_B|STORE_1,13,0,20.688918536052842
2024-02-02,SKU_B|STORE_1,13,0,13.171144025181801
2024-02-03,SKU_B|STORE_1,9,0,17.93294208292165
2024-02-04,SKU_B|STORE_1,21,0,18.607038372268693
2024-02-05,SKU_B|STORE_1,18,1,12.841878825244697
2024-02-06,SKU_B|STORE_1,13,0,13.50463501942528
2024-02-07,SKU_B|STORE_1,24,0,18.261502029884195
2024-02-08,SKU_B|STORE_1,15,0,16.338698906003632
2024-02-09,SKU_B|STORE_1,13,0,18.231686686348077
2024-02-10,SKU_B|STORE_1,10,0,19.904081748703938
2024-02-11,SKU_B|STORE_1,15,0,17.03925832174796
2024-02-12,SKU_B|STORE_1,0,0,15.81168403714797
2024-02-13,SKU_B|STORE_1,18,0,12.634441363403106
2024-02-14,SKU_B|STORE_1,10,0,18.653832608475327
2024-02-15,SKU_B|STORE_1,14,0,16.53626864578202
2024-02-16,SKU_B|STORE_1,10,0,19.166650049131956
2024-02-17,SKU_B|STORE_1,16,0,19.14697320750899
2024-02-18,SKU_B|STORE_1,8,0,16.05606868287633
2024-02-19,SKU_B|STORE_1,15,0,22.411416821836685
2024-02-20,SKU_B|STORE_1,14,0,21.26618629267283
2024-02-21,SKU_B|STORE_1,19,0,20.92952068371532
2024-02-22,SKU_B|STORE_1,22,0,16.994604380912122
2024-02-23,SKU_B|STORE_1,8,0,18.67648731394982
2024-02-24,SKU_B|STORE_1,8,0,18.52247401171358
2024-02-25,SKU_B|STORE_1,13,0,18.90894773764391
2024-02-26,SKU_B|STORE_1,0,0,17.60950316672525
2024-02-27,SKU_B|STORE_1,14,0,20.843341532047898
2024-02-28,SKU_B|STORE_1,0,0,20.54588792121564
2024-02-29,SKU_B|STORE_1,11,0,20.928549467376744
2024-03-01,SKU_B|STORE_1,0,0,19.293267942454268
2024-03-02,SKU_B|STORE_1,15,0,22.991512777182702
2024-03-03,SKU_B|STORE_1,15,0,20.886183392711484
2024-03-04,SKU_B|STORE_1,0,0,15.133169924241557
2024-03-05,SKU_B|STORE_1,14,0,19.423548528178483
2024-03-06,SKU_B|STORE_1,0,1,20.68156656380045
2024-03-07,SKU_B|STORE_1,11,0,22.81481751567474
2024-03-08,SKU_B|STORE_1,7,0,20.368097983288134
2024-03-09,SKU_B|STORE_1,0,0,20.551484313384503
2024-03-10,SKU_B|STORE_1,11,0,19.804867679317567
2024-03-11,SKU_B|STORE_1,0,0,22.537153408468853
2024-03-12,SKU_B|STORE_1,12,0,20.38309828798573
2024-03-13,SKU_B|STORE_1,0,0,20.140256166813064
2024-03-14,SKU_B|STORE_1,0,0,19.928366349037816
2024-03-15,SKU_B|STORE_1,16,0,22.587980868179073
2024-03-16,SKU_B|STORE_1,0,0,20.467608087285853
2024-03-17,SKU_B|STORE_1,14,0,18.237084364734336
2024-03-18,SKU_B|STORE_1,13,0,22.88608057657632
2024-03-19,SKU_B|STORE_1,16,0,20.286533112914363
2024-03-20,SKU_B|STORE_1,31,0,22.448185555638656
2024-03-21,SKU_B|STORE_1,17,0,22.523247951842965
2024-03-22,SKU_B|STORE_1,14,0,24.220899751794914
2024-03-23,SKU_B|STORE_1,13,0,23.937254147162204
2024-03-24,SKU_B|STORE_1,0,0,20.72913073932898
2024-03-25,SKU_B|STORE_1,13,0,21.57389734282682
2024-03-26,SKU_B|STORE_1,10,0,19.34980273415369
2024-03-27,SKU_B|STORE_1,19,0,25.30569326804183
2024-03-28,SKU_B|STORE_1,0,0,22.851154106882234
2024-03-29,SKU_B|STORE_1,14,0,24.770062498393028
2024-03-30,SKU_B|STORE_1,10,0,21.353007768543193
2024-03-31,SKU_B|STORE_1,0,0,17.898933169833164
2024-04-01,SKU_B|STORE_1,18,0,25.063314191629065
2024-04-02,SKU_B|STORE_1,16,0,22.185235121398513
2024-04-03,SKU_B|STORE_1,17,0,22.260925575354246
2024-04-04,SKU_B|STORE_1,16,0,22.097482917014336
2024-04-05,SKU_B|STORE_1,7,0,23.264354177342007
2024-04-06,SKU_B|STORE_1,11,0,23.026173389801414
2024-04-07,SKU_B|STORE_1,0,0,18.760190630876536
2024-04-08,SKU_B|STORE_1,13,0,24.09286910147368
2024-04-09,SKU_B|STORE_1,11,0,20.8354612845386
2024-04-10,SKU_B|STORE_1,23,0,20.930034990380726
2024-04-11,SKU_B|STORE_1,21,0,25.286235285740293
2024-04-12,SKU_B|STORE_1,0,0,23.63623583952123
2024-04-13,SKU_B|STORE_1,8,0,21.078993193860082
2024-04-14,SKU_B|STORE_1,12,0,17.999342326107516
2024-04-15,SKU_B|STORE_1,0,0,21.988692900741267
2024-04-16,SKU_B|STORE_1,24,0,22.692565039999558
2024-04-17,SKU_B|STORE_1,10,0,21.40057556507739
2024-04-18,SKU_B|STORE_1,15,0,19.012535684933884
2024-04-19,SKU_B|STORE_1,18,0,19.862796028860416
2024-04-20,SKU_B|STORE_1,0,0,18.869896748148047
2024-04-21,SKU_B|STORE_1,9,0,21.743926786271267
2024-04-22,SKU_B|STORE_1,15,1,22.88141006196381
2024-04-23,SKU_B|STORE_1,19,0,23.21948512862731
2024-04-24,SKU_B|STORE_1,13,0,19.627032886885523
2024-04-25,SKU_B|STORE_1,11,0,21.481054079121837
2024-04-26,SKU_B|STORE_1,7,0,22.035395148725804
2024-04-27,SKU_B|STORE_1,5,0,19.81797135119143
2024-04-28,SKU_B|STORE_1,10,0,20.453056718918408
2024-04-29,SKU_B|STORE_1,0,0,24.904420635028906
2024-04-30,SKU_B|STORE_1,0,0,20.97039247464264
2024-05-01,SKU_B|STORE_1,13,0,22.22639367252992
2024-05-02,SKU_B|STORE_1,0,0,19.488036965106033
2024-05-03,SKU_B|STORE_1,10,0,20.335380919810472
2024-05-04,SKU_B|STORE_1,14,0,16.714330870241586
2024-05-05,SKU_B|STORE_1,0,0,19.98096611785449
2024-05-06,SKU_B|STORE_1,0,1,22.300806316735603
2024-05-07,SKU_B|STORE_1,0,0,23.99625377424891
2024-05-08,SKU_B|STORE_1,0,1,22.071041411344996
2024-05-09,SKU_B|STORE_1,13,0,20.92790626306092
2024-05-10,SKU_B|STORE_1,0,0,19.533726930049212
2024-05-11,SKU_B|STORE_1,0,0,18.09867024168159
2024-05-12,SKU_B|STORE_1,9,0,18.846120307169528
2024-05-13,SKU_B|STORE_1,0,1,20.257673987742525
2024-05-14,SKU_B|STORE_1,9,0,17.324378265552607
2024-05-15,SKU_B|STORE_1,14,0,20.62094067599059
2024-05-16,SKU_B|STORE_1,11,0,16.643890914629555
2024-05-17,SKU_B|STORE_1,0,1,14.90851550705932
2024-05-18,SKU_B|STORE_1,0,0,16.295176674940805
2024-05-19,SKU_B|STORE_1,11,0,14.838519648236325
2024-05-20,SKU_B|STORE_1,11,0,15.272094849588328
2024-05-21,SKU_B|STORE_1,11,0,20.1261431057911
2024-05-22,SKU_B|STORE_1,0,0,17.304352791015635
2024-05-23,SKU_B|STORE_1,30,0,17.982314311093617
2024-05-24,SKU_B|STORE_1,0,0,19.699642320405985
2024-05-25,SKU_B|STORE_1,2,0,19.737692122516833
2024-05-26,SKU_B|STORE_1,0,0,16.044231702980966
2024-05-27,SKU_B|STORE_1,22,0,19.542396499622388
2024-05-28,SKU_B|STORE_1,0,0,17.484266666423323
2024-05-29,SKU_B|STORE_1,0,1,16.549538417630767
2024-05-30,SKU_B|STORE_1,19,0,17.25295841883225
2024-05-31,SKU_B|STORE_1,11,0,13.341495453658432
2024-06-01,SKU_B|STORE_1,8,0,14.442699451837221
2024-06-02,SKU_B|STORE_1,12,0,15.618987593897854
2024-06-03,SKU_B|STORE_1,10,0,16.87332935461967
2024-06-04,SKU_B|STORE_1,19,0,14.726818222761976
2024-06-05,SKU_B|STORE_1,0,0,15.03158789610145
2024-06-06,SKU_B|STORE_1,0,0,17.038873267581042
2024-06-07,SKU_B|STORE_1,0,0,17.735674752952924
2024-06-08,SKU_B|STORE_1,10,0,16.257349414597012
2024-06-09,SKU_B|STORE_1,0,0,17.069339723359082
2024-06-10,SKU_B|STORE_1,0,0,13.531845090659221
2024-06-11,SKU_B|STORE_1,0,0,13.534477593063354
2024-06-12,SKU_B|STORE_1,21,0,14.58960906803628
2024-06-13,SKU_B|STORE_1,22,0,13.155139953870963
2024-06-14,SKU_B|STORE_1,13,0,12.546294585875707
2024-06-15,SKU_B|STORE_1,16,1,16.667056769744633
2024-06-16,SKU_B|STORE_1,15,0,12.761624063296367
2024-06-17,SKU_B|STORE_1,14,0,11.032237908365587
2024-06-18,SKU_B|STORE_1,13,0,13.73846314679852
2024-06-19,SKU_B|STORE_1,16,0,16.233840705363203
2024-06-20,SKU_B|STORE_1,0,0,12.521692965521142
2024-06-21,SKU_B|STORE_1,7,1,14.619944934633399
2024-06-22,SKU_B|STORE_1,8,0,11.077988795811653
2024-06-23,SKU_B|STORE_1,0,0,10.76696216312644
2024-06-24,SKU_B|STORE_1,0,0,10.165336023222485
2024-06-25,SKU_B|STORE_1,0,1,11.053087171309866
2024-06-26,SKU_B|STORE_1,19,1,14.807135005839207
2024-06-27,SKU_B|STORE_1,15,0,8.617647396231751
2024-06-28,SKU_B|STORE_1,8,0,13.997036988741442
2024-06-29,SKU_B|STORE_1,5,0,8.499371629139056
2024-06-30,SKU_B|STORE_1,0,0,9.842198415710387
2024-07-01,SKU_B|STORE_1,0,0,11.77486684356925
2024-07-02,SKU_B|STORE_1,22,0,11.157247603598673
2024-07-03,SKU_B|STORE_1,0,1,10.254239037997838
2024-07-04,SKU_B|STORE_1,9,0,6.185001118547246
2024-07-05,SKU_B|STORE_1,0,0,10.001908921895625
2024-07-06,SKU_B|STORE_1,8,0,7.026632844737064
2024-07-07,SKU_B|STORE_1,11,0,14.003377255486104
2024-07-08,SKU_B|STORE_1,10,0,8.233234845534193
2024-07-09,SKU_B|STORE_1,11,0,8.832461603571305
2024-07-10,SKU_B|STORE_1,0,0,5.957006855970677
2024-07-11,SKU_B|STORE_1,11,0,7.088555614781885
2024-07-12,SKU_B|STORE_1,4,0,5.260716649000274
2024-07-13,SKU_B|STORE_1,15,1,9.602990791061904
2024-07-14,SKU_B|STORE_1,0,0,6.913804151267055
2024-07-15,SKU_B|STORE_1,8,0,8.361653575757483
2024-07-16,SKU_B|STORE_1,12,0,5.666559370540838
2024-07-17,SKU_B|STORE_1,16,1,5.833729145105076
2024-07-18,SKU_B|STORE_1,19,0,9.213593191537289
2024-07-19,SKU_B|STORE_1,0,1,4.496059613255488
2024-07-20,SKU_B|STORE_1,0,0,2.6398274699309274
2024-07-21,SKU_B|STORE_1,0,0,6.859578533223202
2024-07-22,SKU_B|STORE_1,15,1,3.5699858292787394
2024-07-23,SKU_B|STORE_1,0,0,4.78050244163718
2024-07-24,SKU_B|STORE_1,18,0,7.2906711814247025
2024-07-25,SKU_B|STORE_1,9,0,3.639723830495199
2024-07-26,SKU_B|STORE_1,0,0,6.8446286425774385
2024-07-27,SKU_B|STORE_1,7,0,3.537545038795998
2024-07-28,SKU_B|STORE_1,0,0,7.695132210198199
2024-07-29,SKU_B|STORE_1,10,0,7.179325676240941
2024-07-30,SKU_B|STORE_1,9,0,3.4032950866454508
2024-07-31,SKU_B|STORE_1,8,0,3.7382711977970047
2024-08-01,SKU_B|STORE_1,13,0,2.321227176674127
2024-08-02,SKU_B|STORE_1,0,0,4.2072552731620325
2024-08-03,SKU_B|STORE_1,0,0,5.9295804072298
2024-08-04,SKU_B|STORE_1,6,0,0.5636011001405286
2024-08-05,SKU_B|STORE_1,0,0,5.119825740697485
2024-08-06,SKU_B|STORE_1,13,0,0.4668594561986832
2024-08-07,SKU_B|STORE_1,15,0,1.2271357599658768
2024-08-08,SKU_B|STORE_1,8,0,-0.7948962804864976
2024-08-09,SKU_B|STORE_1,8,0,6.826475914619806
2024-08-10,SKU_B|STORE_1,0,0,2.5722496338400487
2024-08-11,SKU_B|STORE_1,9,0,2.7848487712525927
2024-08-12,SKU_B|STORE_1,17,0,0.7858925968021608
2024-08-13,SKU_B|STORE_1,12,0,4.117166963425179
2024-08-14,SKU_B|STORE_1,0,0,-2.3756344160634395
2024-08-15,SKU_B|STORE_1,0,0,1.7339561386430595
2024-08-16,SKU_B|STORE_1,9,0,5.946446170315074
2024-08-17,SKU_B|STORE_1,0,0,0.6237690103359655
2024-08-18,SKU_B|STORE_1,15,0,1.2796044390941104
2024-08-19,SKU_B|STORE_1,0,0,2.4498018564691346
2024-08-20,SKU_B|STORE_1,0,0,-0.6549032792261118
2024-08-21,SKU_B|STORE_1,15,0,0.879026971922436
2024-08-22,SKU_B|STORE_1,5,0,2.623381886770223
2024-08-23,SKU_B|STORE_1,0,0,0.9609848038093667
2024-08-24,SKU_B|STORE_1,0,0,1.1877797534917462
2024-08-25,SKU_B|STORE_1,9,0,-0.37662817619874467
2024-08-26,SKU_B|STORE_1,0,0,0.8327455005583451
2024-08-27,SKU_B|STORE_1,0,0,0.19528093344555109
2024-08-28,SKU_B|STORE_1,0,0,2.8790240356958106
2024-08-29,SKU_B|STORE_1,15,0,1.3058003302472796
2024-08-30,SKU_B|STORE_1,7,0,-0.7392296767383628
2024-08-31,SKU_B|STORE_1,0,0,-5.251330474653357
2024-09-01,SKU_B|STORE_1,0,1,0.9709684860593648
2024-09-02,SKU_B|STORE_1,0,0,0.9503849130963287
2024-09-03,SKU_B|STORE_1,10,0,-2.490503827725708
2024-09-04,SKU_B|STORE_1,7,1,-4.746808332573363
2024-09-05,SKU_B|STORE_1,11,1,-3.123883739922359
2024-09-06,SKU_B|STORE_1,13,0,0.9251219601583982
2024-09-07,SKU_B|STORE_1,6,0,-3.1405664969971716
2024-09-08,SKU_B|STORE_1,0,0,-2.010538961817219
2024-09-09,SKU_B|STORE_1,0,0,-0.7278990538213941
2024-09-10,SKU_B|STORE_1,0,0,1.206159807926599
2024-09-11,SKU_B|STORE_1,12,0,-1.3494480965295945
2024-09-12,SKU_B|STORE_1,6,0,-1.5811136135736246
2024-09-13,SKU_B|STORE_1,4,0,-2.5418707847320783
2024-09-14,SKU_B|STORE_1,10,0,1.756691773099139
2024-09-15,SKU_B|STORE_1,0,1,0.5702541587738437
2024-09-16,SKU_B|STORE_1,14,0,-1.8055002056177096
2024-09-17,SKU_B|STORE_1,0,0,-4.458576534155853
2024-09-18,SKU_B|STORE_1,13,1,-3.2927056348987
2024-09-19,SKU_B|STORE_1,13,0,-0.5964010214369468
2024-09-20,SKU_B|STORE_1,0,0,-3.238073965800675
2024-09-21,SKU_B|STORE_1,4,0,-0.046831893904845545
2024-09-22,SKU_B|STORE_1,11,0,-1.141214013736461
2024-09-23,SKU_B|STORE_1,0,0,-1.3080659836269517
2024-09-24,SKU_B|STORE_1,10,0,-0.6121926388165122
2024-09-25,SKU_B|STORE_1,0,0,-0.944088037632566
2024-09-26,SKU_B|STORE_1,13,1,-3.670261901144631
2024-09-27,SKU_B|STORE_1,0,1,-2.626665990620478
2024-09-28,SKU_B|STORE_1,9,0,2.693075585886848
2024-09-29,SKU_B|STORE_1,0,1,-4.410268511806832
2024-09-30,SKU_B|STORE_1,9,0,-2.9480898229906862
2024-10-01,SKU_B|STORE_1,10,0,0.13150690783175545
2024-10-02,SKU_B|STORE_1,18,0,-2.31574308886487
2024-10-03,SKU_B|STORE_1,11,0,-3.615244251772865
2024-10-04,SKU_B|STORE_1,8,0,-4.6275726231896215
2024-10-05,SKU_B|STORE_1,0,0,-0.8958438289712152
2024-10-06,SKU_B|STORE_1,0,0,0.08875697900257595
2024-10-07,SKU_B|STORE_1,13,0,0.8691722468071146
2024-10-08,SKU_B|STORE_1,14,0,-1.7990894926886107
2024-10-09,SKU_B|STORE_1,9,0,0.21078570669623087
2024-10-10,SKU_B|STORE_1,0,0,-3.9140753752438924
2024-10-11,SKU_B|STORE_1,8,0,-1.4776430614195655
2024-10-12,SKU_B|STORE_1,8,0,-3.1304516089111214
2024-10-13,SKU_B|STORE_1,8,0,-1.386502428861635
2024-10-14,SKU_B|STORE_1,0,0,-0.18777810182968802
2024-10-15,SKU_B|STORE_1,0,0,0.4986852778426356
2024-10-16,SKU_B|STORE_1,0,1,-3.568691683396044
2024-10-17,SKU_B|STORE_1,0,0,1.0014169917073308
2024-10-18,SKU_B|STORE_1,7,0,-2.423590385719529
2024-10-19,SKU_B|STORE_1,11,1,-3.4641437710064973
2024-10-20,SKU_B|STORE_1,0,0,-1.6883650945244653
2024-10-21,SKU_B|STORE_1,9,0,-4.203378153308293
2024-10-22,SKU_B|STORE_1,7,0,-1.1968903524272931
2024-10-23,SKU_B|STORE_1,14,0,-0.5510919243815685
2024-10-24,SKU_B|STORE_1,0,0,-1.4523956199591663
2024-10-25,SKU_B|STORE_1,14,0,0.10279352289804611
2024-10-26,SKU_B|STORE_1,7,0,-1.513527864326435
2024-10-27,SKU_B|STORE_1,0,0,-0.7874683786947989
2024-10-28,SKU_B|STORE_1,14,0,-3.5851044940206203
2024-10-29,SKU_B|STORE_1,13,0,-0.5234657845537734
2024-10-30,SKU_B|STORE_1,0,0,-2.2127732759854535
2024-10-31,SKU_B|STORE_1,12,0,-1.3090334623209343
2024-11-01,SKU_B|STORE_1,6,0,-0.4925256223635536
2024-11-02,SKU_B|STORE_1,0,0,0.1841501667744494
2024-11-03,SKU_B|STORE_1,0,0,-3.380752125989375
2024-11-04,SKU_B|STORE_1,0,0,-3.1008999321781148
2024-11-05,SKU_B|STORE_1,0,0,-0.46166874412536296
2024-11-06,SKU_B|STORE_1,0,0,1.2103031691437707
2024-11-07,SKU_B|STORE_1,19,0,1.1041497770564104
2024-11-08,SKU_B|STORE_1,13,0,2.2942129893841248
2024-11-09,SKU_B|STORE_1,6,0,3.2386027167859206
2024-11-10,SKU_B|STORE_1,3,0,1.7598887330821396
2024-11-11,SKU_B|STORE_1,11,0,0.8606057584387358
2024-11-12,SKU_B|STORE_1,13,0,-1.0265806559743451
2024-11-13,SKU_B|STORE_1,9,0,-0.7171398347227864
2024-11-14,SKU_B|STORE_1,8,0,0.3819305972993152
2024-11-15,SKU_B|STORE_1,11,0,1.995093745897484
2024-11-16,SKU_B|STORE_1,9,0,2.0479711417611663
2024-11-17,SKU_B|STORE_1,11,1,1.763854305192248
2024-11-18,SKU_B|STORE_1,8,0,1.6012312580954478
2024-11-19,SKU_B|STORE_1,0,0,3.3213770897007917
2024-11-20,SKU_B|STORE_1,15,0,2.633110129794387
2024-11-21,SKU_B|STORE_1,0,0,2.970505993034071
2024-11-22,SKU_B|STORE_1,0,0,3.152313256838305
2024-11-23,SKU_B|STORE_1,0,0,1.605691646080554
2024-11-24,SKU_B|STORE_1,0,0,0.8016047146384953
2024-11-25,SKU_B|STORE_1,13,0,4.012652304703021
2024-11-26,SKU_B|STORE_1,14,0,4.033033662691063
2024-11-27,SKU_B|STORE_1,10,0,2.9307241201260306
2024-11-28,SKU_B|STORE_1,14,0,2.7124560758435043
2024-11-29,SKU_B|STORE_1,3,0,8.275860812163728
2024-11-30,SKU_B|STORE_1,9,0,2.3775305860762908
2024-12-01,SKU_B|STORE_1,11,0,3.639605197051033
2024-12-02,SKU_B|STORE_1,0,1,4.7862126748153555
2024-12-03,SKU_B|STORE_1,14,0,2.128935596458623
2024-12-04,SKU_B|STORE_1,15,0,4.855719832461263
2024-12-05,SKU_B|STORE_1,0,0,8.402191131110488
2024-12-06,SKU_B|STORE_1,0,0,6.861413165559264
2024-12-07,SKU_B|STORE_1,9,0,6.446544800768206
2024-12-08,SKU_B|STORE_1,9,0,6.556894982967481
2024-12-09,SKU_B|STORE_1,0,0,5.78723391840527
2024-12-10,SKU_B|STORE_1,7,0,7.67267245300972
2024-12-11,SKU_B|STORE_1,0,0,5.638001671793475
2024-12-12,SKU_B|STORE_1,0,0,5.299150966296752
2024-12-13,SKU_B|STORE_1,13,0,6.545030652617525
2024-12-14,SKU_B|STORE_1,9,0,8.349604013571861
2024-12-15,SKU_B|STORE_1,11,0,7.397353291094356
2024-12-16,SKU_B|STORE_1,15,0,8.284838352728663
2024-12-17,SKU_B|STORE_1,13,0,3.08768837609066
2024-12-18,SKU_B|STORE_1,19,0,9.723056635099995
2024-12-19,SKU_B|STORE_1,20,0,12.219949450169082
2024-12-20,SKU_B|STORE_1,0,0,10.411087583003775
2024-12-21,SKU_B|STORE_1,9,0,7.309242398851964
2024-12-22,SKU_B|STORE_1,6,0,6.451407587320202
2024-12-23,SKU_B|STORE_1,12,0,8.907583199720788
2024-12-24,SKU_B|STORE_1,0,0,6.583551736230546
2024-12-25,SKU_B|STORE_1,0,0,10.214122714261979
2024-12-26,SKU_B|STORE_1,17,1,7.91760149839602
2024-12-27,SKU_B|STORE_1,17,1,11.095698236151406
2024-12-28,SKU_B|STORE_1,0,0,12.104836223135539
2024-12-29,SKU_B|STORE_1,12,0,5.5224368317667025
2024-12-30,SKU_B|STORE_1,14,0,10.378995747824558
2024-12-31,SKU_B|STORE_1,9,0,8.603437583864082
2025-01-01,SKU_B|STORE_1,19,0,7.387000393432432
2025-01-02,SKU_B|STORE_1,20,0,9.178373508421021
2025-01-03,SKU_B|STORE_1,15,0,10.181568247280754
2025-01-04,SKU_B|STORE_1,12,0,12.893003604041727
2025-01-05,SKU_B|STORE_1,16,0,7.988763052212927
2025-01-06,SKU_B|STORE_1,14,0,13.338845543684213
2025-01-07,SKU_B|STORE_1,17,0,15.478622362557637
2025-01-08,SKU_B|STORE_1,22,0,12.842227397193096
2025-01-09,SKU_B|STORE_1,0,0,12.943588347416114
2025-01-10,SKU_B|STORE_1,11,0,12.02867249607116
2025-01-11,SKU_B|STORE_1,14,0,9.908640046428319
2025-01-12,SKU_B|STORE_1,0,0,13.53090865295843
2025-01-13,SKU_B|STORE_1,0,0,13.43111312443692
2025-01-14,SKU_B|STORE_1,0,0,14.327259011479121
2025-01-15,SKU_B|STORE_1,24,0,18.201920239101764
2025-01-16,SKU_B|STORE_1,17,0,14.719059770465375
2025-01-17,SKU_B|STORE_1,13,0,14.313212553691645
2025-01-18,SKU_B|STORE_1,8,0,16.782917338615
2025-01-19,SKU_B|STORE_1,10,0,11.164803821768366
2025-01-20,SKU_B|STORE_1,0,0,11.764869579262902
2025-01-21,SKU_B|STORE_1,0,0,13.493700479424962
2025-01-22,SKU_B|STORE_1,12,0,13.126835977941903
2025-01-23,SKU_B|STORE_1,13,0,16.015827597746448
2025-01-24,SKU_B|STORE_1,12,0,14.182973436652066
2025-01-25,SKU_B|STORE_1,12,0,18.486190913334955
2025-01-26,SKU_B|STORE_1,0,0,18.23420195062916
2025-01-27,SKU_B|STORE_1,17,0,16.91889419480261
2025-01-28,SKU_B|STORE_1,21,0,14.7906196845226
2025-01-29,SKU_B|STORE_1,13,0,16.978707203058576
2025-01-30,SKU_B|STORE_1,0,0,17.547425289411905
2025-01-31,SKU_B|STORE_1,8,0,13.970908035252526
2025-02-01,SKU_B|STORE_1,0,0,16.978546752280447
2025-02-02,SKU_B|STORE_1,16,1,17.868289630701202
2025-02-03,SKU_B|STORE_1,14,0,17.062151170508844
2025-02-04,SKU_B|STORE_1,15,0,19.94264134040382
2025-02-05,SKU_B|STORE_1,18,0,19.397929283702513
2025-02-06,SKU_B|STORE_1,15,0,15.485555491786315
2025-02-07,SKU_B|STORE_1,13,0,17.550687118916446
2025-02-08,SKU_B|STORE_1,6,0,15.793508964201138
2025-02-09,SKU_B|STORE_1,14,0,18.784299505393985
2025-02-10,SKU_B|STORE_1,0,0,16.04925832383744
2025-02-11,SKU_B|STORE_1,12,0,19.786237961919607
2025-02-12,SKU_B|STORE_1,0,0,18.869613655910793
2025-02-13,SKU_B|STORE_1,10,0,20.186302378439596
2025-02-14,SKU_B|STORE_1,7,0,18.10333069086519
2025-02-15,SKU_B|STORE_1,0,0,15.627293075036397
2025-02-16,SKU_B|STORE_1,0,0,22.215398823130336
2025-02-17,SKU_B|STORE_1,0,0,18.47986725850801
2025-02-18,SKU_B|STORE_1,15,0,21.71704517599249
2025-02-19,SKU_B|STORE_1,17,0,19.96003437586249
2025-02-20,SKU_B|STORE_1,13,0,20.580802553318094
2025-02-21,SKU_B|STORE_1,17,0,23.023048441478544
2025-02-22,SKU_B|STORE_1,0,0,20.17181848473172
2025-02-23,SKU_B|STORE_1,0,1,22.416795672811325
2024-01-01,SKU_C|STORE_1,61,0,11.630474153458971
2024-01-02,SKU_C|STORE_1,68,0,8.974688302175231
2024-01-03,SKU_C|STORE_1,71,0,11.365110004662013
2024-01-04,SKU_C|STORE_1,62,0,9.83384950380319
2024-01-05,SKU_C|STORE_1,50,0,11.001761650774265
2024-01-06,SKU_C|STORE_1,68,1,11.291562565648015
2024-01-07,SKU_C|STORE_1,53,0,12.42106118033373
2024-01-08,SKU_C|STORE_1,75,0,10.171476333971846
2024-01-09,SKU_C|STORE_1,74,0,11.335501552849042
2024-01-10,SKU_C|STORE_1,69,0,12.234396790456048
2024-01-11,SKU_C|STORE_1,59,0,12.184081248850351
2024-01-12,SKU_C|STORE_1,47,0,10.623354567576772
2024-01-13,SKU_C|STORE_1,46,0,15.830352529063466
2024-01-14,SKU_C|STORE_1,44,0,11.694492324890255
2024-01-15,SKU_C|STORE_1,56,0,14.315819604193548
2024-01-16,SKU_C|STORE_1,64,0,13.415624474828633
2024-01-17,SKU_C|STORE_1,65,0,15.63656263152885
2024-01-18,SKU_C|STORE_1,60,0,9.067493816718223
2024-01-19,SKU_C|STORE_1,47,0,17.67950992426033
2024-01-20,SKU_C|STORE_1,48,0,13.376228980453622
2024-01-21,SKU_C|STORE_1,32,0,11.547132366288443
2024-01-22,SKU_C|STORE_1,67,0,14.444387677775243
2024-01-23,SKU_C|STORE_1,86,0,18.865440341063383
2024-01-24,SKU_C|STORE_1,77,0,15.576018626430745
2024-01-25,SKU_C|STORE_1,60,0,12.313461321598032
2024-01-26,SKU_C|STORE_1,40,0,14.028895696948931
2024-01-27,SKU_C|STORE_1,53,0,17.789073765463392
2024-01-28,SKU_C|STORE_1,37,0,12.530722887561888
2024-01-29,SKU_C|STORE_1,104,1,15.145702482638633
2024-01-30,SKU_C|STORE_1,68,0,15.100858798689224
2024-01-31,SKU_C|STORE_1,81,0,20.17255579311038
2024-02-01,SKU_C|STORE_1,68,0,15.464656144979289
2024-02-02,SKU_C|STORE_1,70,0,18.83186022143918
2024-02-03,SKU_C|STORE_1,38,0,15.0498563807166
2024-02-04,SKU_C|STORE_1,47,0,14.972623184944649
2024-02-05,SKU_C|STORE_1,59,0,18.73580226347838
2024-02-06,SKU_C|STORE_1,70,0,18.14650420275424
2024-02-07,SKU_C|STORE_1,82,0,13.642156295964124
2024-02-08,SKU_C|STORE_1,58,0,18.512285712354032
2024-02-09,SKU_C|STORE_1,87,1,18.681112961030493
2024-02-10,SKU_C|STORE_1,44,0,16.34444578194057
2024-02-11,SKU_C|STORE_1,47,0,18.15970052999746
2024-02-12,SKU_C|STORE_1,70,0,18.412800363020622
2024-02-13,SKU_C|STORE_1,79,0,17.06555253599892
2024-02-14,SKU_C|STORE_1,85,0,17.020469836052555
2024-02-15,SKU_C|STORE_1,75,0,16.99779243113051
2024-02-16,SKU_C|STORE_1,48,0,17.937517444325195
2024-02-17,SKU_C|STORE_1,45,0,15.979951466183488
2024-02-18,SKU_C|STORE_1,51,0,18.67696399017899
2024-02-19,SKU_C|STORE_1,64,0,15.930495915819595
2024-02-20,SKU_C|STORE_1,86,0,19.184222798968385
2024-02-21,SKU_C|STORE_1,64,0,19.000408691988778
2024-02-22,SKU_C|STORE_1,60,0,17.241731308422775
2024-02-23,SKU_C|STORE_1,74,0,21.119624928672486
2024-02-24,SKU_C|STORE_1,46,0,23.39733169186815
2024-02-25,SKU_C|STORE_1,57,0,22.304719141109736
2024-02-26,SKU_C|STORE_1,56,0,17.07892968364002
2024-02-27,SKU_C|STORE_1,139,1,22.437138286205204
2024-02-28,SKU_C|STORE_1,88,0,20.455544766225284
2024-02-29,SKU_C|STORE_1,78,0,20.026788318335942
2024-03-01,SKU_C|STORE_1,54,0,19.056283069716542
2024-03-02,SKU_C|STORE_1,47,0,20.32933953796646
2024-03-03,SKU_C|STORE_1,48,0,23.20108196662804
2024-03-04,SKU_C|STORE_1,62,0,21.6225140585331
2024-03-05,SKU_C|STORE_1,83,0,19.81455364336395
2024-03-06,SKU_C|STORE_1,88,0,19.39843085891849
2024-03-07,SKU_C|STORE_1,67,0,19.990534271441557
2024-03-08,SKU_C|STORE_1,80,1,22.066293749272738
2024-03-09,SKU_C|STORE_1,51,0,24.689024605359066
2024-03-10,SKU_C|STORE_1,83,1,18.963286784770244
2024-03-11,SKU_C|STORE_1,91,1,21.134131174031587
2024-03-12,SKU_C|STORE_1,76,0,20.44589260217943
2024-03-13,SKU_C|STORE_1,64,0,19.784708142890338
2024-03-14,SKU_C|STORE_1,114,1,22.134308407438102
2024-03-15,SKU_C|STORE_1,51,0,22.50043220774171
2024-03-16,SKU_C|STORE_1,40,0,18.652846099305837
2024-03-17,SKU_C|STORE_1,58,0,19.465689129035013
2024-03-18,SKU_C|STORE_1,113,1,23.942311958851832
2024-03-19,SKU_C|STORE_1,73,0,22.250190713367527
2024-03-20,SKU_C|STORE_1,84,0,22.700578047909946
2024-03-21,SKU_C|STORE_1,71,0,20.712874242314776
2024-03-22,SKU_C|STORE_1,64,0,20.990949817123767
2024-03-23,SKU_C|STORE_1,44,0,22.689416194050445
2024-03-24,SKU_C|STORE_1,55,0,20.824970831081654
2024-03-25,SKU_C|STORE_1,59,0,19.637827774173665
2024-03-26,SKU_C|STORE_1,71,0,21.862579179028696
2024-03-27,SKU_C|STORE_1,80,0,23.67688392499657
2024-03-28,SKU_C|STORE_1,70,0,19.85657501237988
2024-03-29,SKU_C|STORE_1,48,0,24.007957723650016
2024-03-30,SKU_C|STORE_1,36,0,23.313446860427835
2024-03-31,SKU_C|STORE_1,55,0,20.21836170103549
2024-04-01,SKU_C|STORE_1,58,0,21.94599910375852
2024-04-02,SKU_C|STORE_1,81,0,21.847689189860496
2024-04-03,SKU_C|STORE_1,85,0,23.18172099480624
2024-04-04,SKU_C|STORE_1,68,0,23.238570464854444
2024-04-05,SKU_C|STORE_1,55,0,19.325842903432946
2024-04-06,SKU_C|STORE_1,47,0,19.221100751511514
2024-04-07,SKU_C|STORE_1,66,0,23.912111719547656
2024-04-08,SKU_C|STORE_1,73,0,22.074888986420806
2024-04-09,SKU_C|STORE_1,85,0,22.65153577706792
2024-04-10,SKU_C|STORE_1,95,0,22.457285275584184
2024-04-11,SKU_C|STORE_1,78,0,24.796631123284197
2024-04-12,SKU_C|STORE_1,86,1,19.336864520327126
2024-04-13,SKU_C|STORE_1,47,0,23.844746661277973
2024-04-14,SKU_C|STORE_1,49,0,20.022921535589933
2024-04-15,SKU_C|STORE_1,61,0,23.03804806886722
2024-04-16,SKU_C|STORE_1,71,0,24.20184747388445
2024-04-17,SKU_C|STORE_1,63,0,18.756048839473046
2024-04-18,SKU_C|STORE_1,100,1,22.234093375656997
2024-04-19,SKU_C|STORE_1,52,0,20.827160038098818
2024-04-20,SKU_C|STORE_1,56,0,20.737228086608514
2024-04-21,SKU_C|STORE_1,59,0,21.32940335133406
2024-04-22,SKU_C|STORE_1,59,0,19.09318638395651
2024-04-23,SKU_C|STORE_1,64,0,19.193808872162936
2024-04-24,SKU_C|STORE_1,85,0,22.32451077125928
2024-04-25,SKU_C|STORE_1,65,0,22.615026802266733
2024-04-26,SKU_C|STORE_1,57,0,19.735964328460803
2024-04-27,SKU_C|STORE_1,40,0,17.893175364101616
2024-04-28,SKU_C|STORE_1,53,0,25.263059145277104
2024-04-29,SKU_C|STORE_1,70,0,22.762802858849906
2024-04-30,SKU_C|STORE_1,76,0,21.203225860202313
2024-05-01,SKU_C|STORE_1,73,0,18.355598718339436
2024-05-02,SKU_C|STORE_1,67,0,19.13789298445881
2024-05-03,SKU_C|STORE_1,44,0,20.663277465442782
2024-05-04,SKU_C|STORE_1,50,0,18.176709949996425
2024-05-05,SKU_C|STORE_1,79,0,23.130598986645506
2024-05-06,SKU_C|STORE_1,58,0,20.118333889668467
2024-05-07,SKU_C|STORE_1,80,0,20.506496634992864
2024-05-08,SKU_C|STORE_1,82,0,17.57654879278519
2024-05-09,SKU_C|STORE_1,66,0,17.69341116674714
2024-05-10,SKU_C|STORE_1,55,0,17.802471507042494
2024-05-11,SKU_C|STORE_1,47,0,19.776093129677168
2024-05-12,SKU_C|STORE_1,47,0,18.57441190304836
2024-05-13,SKU_C|STORE_1,91,1,18.393469245076
2024-05-14,SKU_C|STORE_1,71,0,19.448674592895124
2024-05-15,SKU_C|STORE_1,76,0,19.131055806670815
2024-05-16,SKU_C|STORE_1,75,0,21.47103140347913
2024-05-17,SKU_C|STORE_1,52,0,18.01056106105515
2024-05-18,SKU_C|STORE_1,38,0,16.253436507180275
2024-05-19,SKU_C|STORE_1,52,0,18.078093091079904
2024-05-20,SKU_C|STORE_1,55,0,20.83428414941777
2024-05-21,SKU_C|STORE_1,71,0,16.702497847337256
2024-05-22,SKU_C|STORE_1,78,0,17.732907907468807
2024-05-23,SKU_C|STORE_1,55,0,16.772484948352673
2024-05-24,SKU_C|STORE_1,91,1,18.113458871985117
2024-05-25,SKU_C|STORE_1,64,0,17.657894283959568
2024-05-26,SKU_C|STORE_1,82,1,15.38871208307462
2024-05-27,SKU_C|STORE_1,66,0,16.368353982403466
2024-05-28,SKU_C|STORE_1,59,0,18.50158036102823
2024-05-29,SKU_C|STORE_1,82,0,18.631970258841463
2024-05-30,SKU_C|STORE_1,87,0,18.11805247489807
2024-05-31,SKU_C|STORE_1,62,0,17.823850189289942
2024-06-01,SKU_C|STORE_1,41,0,15.29252678164948
2024-06-02,SKU_C|STORE_1,45,0,15.052280286931508
2024-06-03,SKU_C|STORE_1,54,0,17.41576905589657
2024-06-04,SKU_C|STORE_1,72,0,13.09769641309049
2024-06-05,SKU_C|STORE_1,69,0,15.105837399703349
2024-06-06,SKU_C|STORE_1,57,0,11.381010849170874
2024-06-07,SKU_C|STORE_1,35,0,14.099639065315788
2024-06-08,SKU_C|STORE_1,30,0,13.268078030633829
2024-06-09,SKU_C|STORE_1,47,0,12.096507443751108
2024-06-10,SKU_C|STORE_1,61,0,15.413702648739816
2024-06-11,SKU_C|STORE_1,69,0,12.635115611782176
2024-06-12,SKU_C|STORE_1,54,0,13.164614773758956
2024-06-13,SKU_C|STORE_1,57,0,13.184782070866163
2024-06-14,SKU_C|STORE_1,39,0,12.04750659650284
2024-06-15,SKU_C|STORE_1,62,1,16.092481925048844
2024-06-16,SKU_C|STORE_1,50,0,12.127409757016656
2024-06-17,SKU_C|STORE_1,41,0,13.285599042502229
2024-06-18,SKU_C|STORE_1,55,0,10.131230426688186
2024-06-19,SKU_C|STORE_1,60,0,11.566791715933588
2024-06-20,SKU_C|STORE_1,78,0,11.658991776182281
2024-06-21,SKU_C|STORE_1,45,0,11.488798050132274
2024-06-22,SKU_C|STORE_1,28,0,10.74044521330481
2024-06-23,SKU_C|STORE_1,48,0,11.96606672022697
2024-06-24,SKU_C|STORE_1,58,0,14.54233938296657
2024-06-25,SKU_C|STORE_1,60,0,11.014496976638208
2024-06-26,SKU_C|STORE_1,69,0,10.796153610484502
2024-06-27,SKU_C|STORE_1,61,0,10.097131500365295
2024-06-28,SKU_C|STORE_1,58,0,15.639877775431824
2024-06-29,SKU_C|STORE_1,59,0,13.620936835572433
2024-06-30,SKU_C|STORE_1,57,0,11.339550090319792
2024-07-01,SKU_C|STORE_1,61,0,11.422526140915968
2024-07-02,SKU_C|STORE_1,62,0,8.438128697385139
2024-07-03,SKU_C|STORE_1,82,0,9.32609183190123
2024-07-04,SKU_C|STORE_1,62,0,9.833420125778726
2024-07-05,SKU_C|STORE_1,46,0,9.448447863601617
2024-07-06,SKU_C|STORE_1,46,0,7.326301910011008
2024-07-07,SKU_C|STORE_1,40,0,7.2714084104682195
2024-07-08,SKU_C|STORE_1,63,0,9.60890957987849
2024-07-09,SKU_C|STORE_1,93,1,9.00524203106146
2024-07-10,SKU_C|STORE_1,61,0,4.050755595846694
2024-07-11,SKU_C|STORE_1,57,0,8.164635333026682
2024-07-12,SKU_C|STORE_1,46,0,10.275316310362161
2024-07-13,SKU_C|STORE_1,42,0,6.311128271754152
2024-07-14,SKU_C|STORE_1,46,0,7.846635262055054
2024-07-15,SKU_C|STORE_1,56,0,4.319780427327693
2024-07-16,SKU_C|STORE_1,68,0,8.607124420116158
2024-07-17,SKU_C|STORE_1,74,0,4.586683988438995
2024-07-18,SKU_C|STORE_1,63,0,4.11955224629011
2024-07-19,SKU_C|STORE_1,40,0,5.755692371301882
2024-07-20,SKU_C|STORE_1,47,0,10.830588069187066
2024-07-21,SKU_C|STORE_1,55,0,4.787008009573645
2024-07-22,SKU_C|STORE_1,48,0,3.3148988672193442
2024-07-23,SKU_C|STORE_1,52,0,6.503548353438877
2024-07-24,SKU_C|STORE_1,78,0,5.8555682829127615
2024-07-25,SKU_C|STORE_1,75,0,8.467665180820825
2024-07-26,SKU_C|STORE_1,41,0,2.5384375602821003
2024-07-27,SKU_C|STORE_1,42,0,1.7124726809551296
2024-07-28,SKU_C|STORE_1,65,0,4.034157371769314
2024-07-29,SKU_C|STORE_1,83,1,5.210519035250004
2024-07-30,SKU_C|STORE_1,72,0,4.985611073597864
2024-07-31,SKU_C|STORE_1,60,0,6.231284374327035
2024-08-01,SKU_C|STORE_1,40,0,0.9946456017428287
2024-08-02,SKU_C|STORE_1,35,0,2.1285740829639197
2024-08-03,SKU_C|STORE_1,41,0,3.3123970864612287
2024-08-04,SKU_C|STORE_1,51,0,5.0429779211297205
2024-08-05,SKU_C|STORE_1,61,0,4.157755177949112
2024-08-06,SKU_C|STORE_1,60,0,2.2275244759625834
2024-08-07,SKU_C|STORE_1,48,0,0.8840759544915344
2024-08-08,SKU_C|STORE_1,61,0,4.450639911198264
2024-08-09,SKU_C|STORE_1,47,0,4.418420766121368
2024-08-10,SKU_C|STORE_1,40,0,7.715212855464604
2024-08-11,SKU_C|STORE_1,38,0,1.8866516617043738
2024-08-12,SKU_C|STORE_1,46,0,5.262040683998444
2024-08-13,SKU_C|STORE_1,54,0,-0.44832758431938524
2024-08-14,SKU_C|STORE_1,54,0,0.7051258740127531
2024-08-15,SKU_C|STORE_1,49,0,0.2934490846106723
2024-08-16,SKU_C|STORE_1,40,0,0.5644308479170085
2024-08-17,SKU_C|STORE_1,44,0,-0.3891253676297437
2024-08-18,SKU_C|STORE_1,46,0,0.12042651331335796
2024-08-19,SKU_C|STORE_1,45,0,0.9389474277731521
2024-08-20,SKU_C|STORE_1,60,0,0.026375860574589405
2024-08-21,SKU_C|STORE_1,68,0,2.067734585376324
2024-08-22,SKU_C|STORE_1,57,0,0.4780107260792463
2024-08-23,SKU_C|STORE_1,48,0,0.5097988708968134
2024-08-24,SKU_C|STORE_1,67,1,3.2747508690174683
2024-08-25,SKU_C|STORE_1,31,0,0.880509503166229
2024-08-26,SKU_C|STORE_1,43,0,0.44555525255554396
2024-08-27,SKU_C|STORE_1,58,0,-0.01297089807056212
2024-08-28,SKU_C|STORE_1,46,0,0.032484117244984484
2024-08-29,SKU_C|STORE_1,56,0,0.921639026483019
2024-08-30,SKU_C|STORE_1,45,0,-1.8824707917627448
2024-08-31,SKU_C|STORE_1,33,0,1.8271080282481824
2024-09-01,SKU_C|STORE_1,42,0,2.5602392463842345
2024-09-02,SKU_C|STORE_1,43,0,1.6416754507922566
2024-09-03,SKU_C|STORE_1,37,0,-1.6789517501325772
2024-09-04,SKU_C|STORE_1,47,0,-3.9298972044227236
2024-09-05,SKU_C|STORE_1,43,0,-1.755104079559668
2024-09-06,SKU_C|STORE_1,32,0,-0.6846512904616429
2024-09-07,SKU_C|STORE_1,38,0,0.5529135992418039
2024-09-08,SKU_C|STORE_1,34,0,-1.5075252806572363
2024-09-09,SKU_C|STORE_1,69,1,-1.821755816843761
2024-09-10,SKU_C|STORE_1,62,0,1.6789256055564512
2024-09-11,SKU_C|STORE_1,64,0,-2.684094778919294
2024-09-12,SKU_C|STORE_1,65,0,0.6491536303338785
2024-09-13,SKU_C|STORE_1,51,0,0.27063771427216166
2024-09-14,SKU_C|STORE_1,49,1,-4.1686100541337066
2024-09-15,SKU_C|STORE_1,39,0,-1.0747108257036944
2024-09-16,SKU_C|STORE_1,48,0,-2.765306243723692
2024-09-17,SKU_C|STORE_1,41,0,-3.5820638042368635
2024-09-18,SKU_C|STORE_1,52,0,-5.395707205241257
2024-09-19,SKU_C|STORE_1,45,0,-4.883595501596968
2024-09-20,SKU_C|STORE_1,32,0,-1.0412510180198518
2024-09-21,SKU_C|STORE_1,41,0,-2.6505640182262207
2024-09-22,SKU_C|STORE_1,51,1,-1.3873177397812122
2024-09-23,SKU_C|STORE_1,38,0,-4.034201222918092
2024-09-24,SKU_C|STORE_1,67,0,-2.605467349022375
2024-09-25,SKU_C|STORE_1,58,0,-2.5317116026207276
2024-09-26,SKU_C|STORE_1,48,0,-5.044948494682549
2024-09-27,SKU_C|STORE_1,42,0,-5.29033204246723
2024-09-28,SKU_C|STORE_1,31,0,-1.182124185445642
2024-09-29,SKU_C|STORE_1,33,0,-1.7640055171877915
2024-09-30,SKU_C|STORE_1,61,0,-3.8851952149178066
2024-10-01,SKU_C|STORE_1,94,1,-2.2567722907809986
2024-10-02,SKU_C|STORE_1,44,0,-0.7573673210434704
2024-10-03,SKU_C|STORE_1,63,0,1.5387166390954619
2024-10-04,SKU_C|STORE_1,49,0,-3.7787543544001867
2024-10-05,SKU_C|STORE_1,27,0,-0.8177458022015844
2024-10-06,SKU_C|STORE_1,38,0,2.141181400399798
2024-10-07,SKU_C|STORE_1,47,0,-1.8592986547337236
2024-10-08,SKU_C|STORE_1,61,0,0.9100341718426268
2024-10-09,SKU_C|STORE_1,59,0,-7.004481636208107
2024-10-10,SKU_C|STORE_1,52,0,0.9326923757283336
2024-10-11,SKU_C|STORE_1,37,0,-1.892171468045295
2024-10-12,SKU_C|STORE_1,34,0,-5.511465848776368
2024-10-13,SKU_C|STORE_1,29,0,-0.2646464532724693
2024-10-14,SKU_C|STORE_1,45,0,0.30924748248187006
2024-10-15,SKU_C|STORE_1,52,0,0.6695158054342745
2024-10-16,SKU_C|STORE_1,58,0,0.7037076958397792
2024-10-17,SKU_C|STORE_1,47,0,-1.6503991947805818
2024-10-18,SKU_C|STORE_1,37,0,-2.999374412383444
2024-10-19,SKU_C|STORE_1,31,0,-2.374769394310192
2024-10-20,SKU_C|STORE_1,40,0,-1.473688307039674
2024-10-21,SKU_C|STORE_1,39,0,-0.5408251121904758
2024-10-22,SKU_C|STORE_1,53,0,-2.2078964811032513
2024-10-23,SKU_C|STORE_1,55,0,-1.0935515396568012
2024-10-24,SKU_C|STORE_1,34,0,0.6092166486267432
2024-10-25,SKU_C|STORE_1,39,0,-0.3901072751756429
2024-10-26,SKU_C|STORE_1,55,0,3.5559193479769906
2024-10-27,SKU_C|STORE_1,41,0,3.3769231560759865
2024-10-28,SKU_C|STORE_1,34,0,-3.013641785259739
2024-10-29,SKU_C|STORE_1,55,0,-1.7806011911513415
2024-10-30,SKU_C|STORE_1,66,0,-3.1371324229987447
2024-10-31,SKU_C|STORE_1,52,0,-2.752391466645425
2024-11-01,SKU_C|STORE_1,48,0,0.7076766342849095
2024-11-02,SKU_C|STORE_1,34,0,-2.203306210007853
2024-11-03,SKU_C|STORE_1,35,0,-2.2004852367795533
2024-11-04,SKU_C|STORE_1,56,0,-0.5622118793481996
2024-11-05,SKU_C|STORE_1,56,0,1.6552358927646431
2024-11-06,SKU_C|STORE_1,67,0,-0.49416483790755983
2024-11-07,SKU_C|STORE_1,50,0,-0.37601920125847843
2024-11-08,SKU_C|STORE_1,41,0,2.2531936196934987
2024-11-09,SKU_C|STORE_1,37,0,1.5044377889005844
2024-11-10,SKU_C|STORE_1,36,0,1.6042352704700564
2024-11-11,SKU_C|STORE_1,48,0,2.7033521605497466
2024-11-12,SKU_C|STORE_1,51,0,-1.00967442676821
2024-11-13,SKU_C|STORE_1,107,1,1.5395878412243564
2024-11-14,SKU_C|STORE_1,64,0,0.012855593721589953
2024-11-15,SKU_C|STORE_1,54,0,3.4182225270753586
2024-11-16,SKU_C|STORE_1,33,0,3.1505648129326254
2024-11-17,SKU_C|STORE_1,49,0,-0.35470754786746017
2024-11-18,SKU_C|STORE_1,53,0,4.476599193314652
2024-11-19,SKU_C|STORE_1,56,0,-0.29382109801129364
2024-11-20,SKU_C|STORE_1,65,0,4.4570599937866735
2024-11-21,SKU_C|STORE_1,56,0,2.7193131215197686
2024-11-22,SKU_C|STORE_1,85,1,0.763880320926414
2024-11-23,SKU_C|STORE_1,31,0,0.4411929308872016
2024-11-24,SKU_C|STORE_1,27,0,2.206278835153709
2024-11-25,SKU_C|STORE_1,60,0,2.924469313808242
2024-11-26,SKU_C|STORE_1,60,0,1.7440038641290532
2024-11-27,SKU_C|STORE_1,60,0,4.419111969952607
2024-11-28,SKU_C|STORE_1,46,0,0.7310465892675686
2024-11-29,SKU_C|STORE_1,66,1,3.6458841334504926
2024-11-30,SKU_C|STORE_1,35,0,3.838579458179958
2024-12-01,SKU_C|STORE_1,40,0,0.334595901034374
2024-12-02,SKU_C|STORE_1,55,0,4.804945589763717
2024-12-03,SKU_C|STORE_1,48,0,1.8930819427544394
2024-12-04,SKU_C|STORE_1,55,0,-0.3520002022974893
2024-12-05,SKU_C|STORE_1,51,0,3.5396093648887152
2024-12-06,SKU_C|STORE_1,38,0,4.48425323195871
2024-12-07,SKU_C|STORE_1,34,0,6.902482509146269
2024-12-08,SKU_C|STORE_1,38,0,4.355394449058222
2024-12-09,SKU_C|STORE_1,50,0,8.404056728656135
2024-12-10,SKU_C|STORE_1,82,0,8.528441327608979
2024-12-11,SKU_C|STORE_1,62,0,8.041918646285367
2024-12-12,SKU_C|STORE_1,98,1,8.691052506351182
2024-12-13,SKU_C|STORE_1,37,0,6.971165869221804
2024-12-14,SKU_C|STORE_1,43,0,5.381490373108391
2024-12-15,SKU_C|STORE_1,39,0,7.953423805488265
2024-12-16,SKU_C|STORE_1,51,0,8.782242049051469
2024-12-17,SKU_C|STORE_1,74,0,7.54649940760099
2024-12-18,SKU_C|STORE_1,66,0,6.794130248338334
2024-12-19,SKU_C|STORE_1,53,0,4.389084023721393
2024-12-20,SKU_C|STORE_1,43,0,9.013345095883896
2024-12-21,SKU_C|STORE_1,37,0,8.577560522145651
2024-12-22,SKU_C|STORE_1,34,0,5.522605222325274
2024-12-23,SKU_C|STORE_1,65,0,8.48860035413984
2024-12-24,SKU_C|STORE_1,67,0,9.921530165118355
2024-12-25,SKU_C|STORE_1,63,0,8.487265561742365
2024-12-26,SKU_C|STORE_1,58,0,10.45307705455492
2024-12-27,SKU_C|STORE_1,49,0,10.601626125433505
2024-12-28,SKU_C|STORE_1,29,0,6.408328712965915
2024-12-29,SKU_C|STORE_1,50,0,8.932506923108186
2024-12-30,SKU_C|STORE_1,79,0,10.688786063368207
2024-12-31,SKU_C|STORE_1,91,1,11.747447544437247
2025-01-01,SKU_C|STORE_1,74,0,12.927650995285937
2025-01-02,SKU_C|STORE_1,74,1,6.568802517643141
2025-01-03,SKU_C|STORE_1,59,0,10.42820500909588
2025-01-04,SKU_C|STORE_1,46,0,12.177290000468783
2025-01-05,SKU_C|STORE_1,72,1,13.386612644097118
2025-01-06,SKU_C|STORE_1,53,0,14.506729161225906
2025-01-07,SKU_C|STORE_1,67,0,9.537101694042937
2025-01-08,SKU_C|STORE_1,74,0,10.851204778723822
2025-01-09,SKU_C|STORE_1,53,0,9.71097662710252
2025-01-10,SKU_C|STORE_1,42,0,13.609802252524137
2025-01-11,SKU_C|STORE_1,41,0,9.584383670303582
2025-01-12,SKU_C|STORE_1,56,0,14.737873542148662
2025-01-13,SKU_C|STORE_1,62,0,14.45138126093048
2025-01-14,SKU_C|STORE_1,123,1,13.765680323365332
2025-01-15,SKU_C|STORE_1,80,0,8.715928936690636
2025-01-16,SKU_C|STORE_1,63,0,11.86477858067512
2025-01-17,SKU_C|STORE_1,57,0,14.880241316675242
2025-01-18,SKU_C|STORE_1,35,0,10.799537243822602
2025-01-19,SKU_C|STORE_1,48,0,13.32075555370953
2025-01-20,SKU_C|STORE_1,48,0,13.783111003719737
2025-01-21,SKU_C|STORE_1,69,0,15.940909075058913
2025-01-22,SKU_C|STORE_1,110,1,14.933804782291338
2025-01-23,SKU_C|STORE_1,55,0,15.109004161985037
2025-01-24,SKU_C|STORE_1,55,0,13.88682362470768
2025-01-25,SKU_C|STORE_1,40,0,14.955533069478145
2025-01-26,SKU_C|STORE_1,45,0,14.866560486337864
2025-01-27,SKU_C|STORE_1,55,0,16.755590444761093
2025-01-28,SKU_C|STORE_1,65,0,15.146543760775565
2025-01-29,SKU_C|STORE_1,72,0,17.72497360091861
2025-01-30,SKU_C|STORE_1,59,0,12.508509368290053
2025-01-31,SKU_C|STORE_1,53,0,18.41374115976761
2025-02-01,SKU_C|STORE_1,46,0,15.88258015936896
2025-02-02,SKU_C|STORE_1,45,0,18.62293402908075
2025-02-03,SKU_C|STORE_1,62,0,16.73197540837619
2025-02-04,SKU_C|STORE_1,76,0,18.42654746822517
2025-02-05,SKU_C|STORE_1,77,0,19.858836308011988
2025-02-06,SKU_C|STORE_1,80,0,15.978941504116875
2025-02-07,SKU_C|STORE_1,46,0,17.396785390786974
2025-02-08,SKU_C|STORE_1,67,1,17.065513616154142
2025-02-09,SKU_C|STORE_1,51,0,17.97347381670946
2025-02-10,SKU_C|STORE_1,62,0,14.52003238737612
2025-02-11,SKU_C|STORE_1,70,0,17.537726605260634
2025-02-12,SKU_C|STORE_1,64,0,17.537142627934934
2025-02-13,SKU_C|STORE_1,74,0,16.6271398692095
2025-02-14,SKU_C|STORE_1,86,1,17.94500944890439
2025-02-15,SKU_C|STORE_1,51,0,15.427627780309729
2025-02-16,SKU_C|STORE_1,38,0,21.382251227845448
2025-02-17,SKU_C|STORE_1,56,0,19.643914074723998
2025-02-18,SKU_C|STORE_1,83,0,22.622037330208354
2025-02-19,SKU_C|STORE_1,86,0,17.307926241730584
2025-02-20,SKU_C|STORE_1,120,1,16.861998610101875
2025-02-21,SKU_C|STORE_1,63,0,19.855991716378654
2025-02-22,SKU_C|STORE_1,54,0,16.129838934627703
2025-02-23,SKU_C|STORE_1,52,0,19.997171430406002
